"","isoforest_score"
"Cell1",-0.0477696207861076
"Cell2",-0.0424554850394688
"Cell3",-0.0957436534488474
"Cell4",-0.0815844242794486
"Cell5",-0.0870473236367797
"Cell6",-0.128611807607276
"Cell7",-0.0980972892181423
"Cell8",-0.0929328263996954
"Cell9",-0.0991986049493108
"Cell10",-0.0580059303881268
"Cell11",-0.0605696885898385
"Cell12",-0.0499067678154018
"Cell13",-0.0910890359499901
"Cell14",-0.118253323166515
"Cell15",-0.100634141923401
"Cell16",-0.0800057613918733
"Cell17",-0.0980972892181423
"Cell18",-0.00262122371050633
"Cell19",-0.109639702360781
"Cell20",0
"Cell21",-0.0996796461705488
"Cell22",-0.0870473236367797
"Cell23",0.0701983156437413
"Cell24",-0.085589677098398
"Cell25",0
"Cell26",-0.0847543285125383
"Cell27",-0.0957436534488474
"Cell28",-0.118129553564717
"Cell29",0.0252946965977191
"Cell30",-0.024205566815347
"Cell31",-0.0663996341613878
"Cell32",-0.100766949438081
"Cell33",-0.116374510035804
"Cell34",-0.00791093271406129
"Cell35",-0.0980972892181423
"Cell36",-0.128611807607276
"Cell37",-0.0499067678154018
"Cell38",-0.0733261643271226
"Cell39",-0.0929328263996954
"Cell40",-0.0777972082138874
"Cell41",0.101521834216032
"Cell42",0
"Cell43",-0.123860397599287
"Cell44",0.199243758947103
"Cell45",-0.100766949438081
"Cell46",-0.0962711029562759
"Cell47",-0.0486776022512758
"Cell48",0.026834893713506
"Cell49",-0.0990715160635078
"Cell50",-0.0499067678154018
"Cell51",-0.0884615061178146
"Cell52",-0.0602815544637664
"Cell53",-0.0204433665638473
"Cell54",-0.0155357301327899
"Cell55",-0.118117517781714
"Cell56",-0.0929328263996954
"Cell57",-0.0966880002628954
"Cell58",-0.0499067678154018
"Cell59",-0.085589677098398
"Cell60",-0.0424554850394688
"Cell61",0.0270362337521152
"Cell62",-0.0957436534488474
"Cell63",-0.0957436534488474
"Cell64",-0.0477696207861076
"Cell65",-0.0870473236367797
"Cell66",-0.0123715105646154
"Cell67",-0.0694402257463812
"Cell68",-0.0120824292484901
"Cell69",-0.106995002390632
"Cell70",-0.0847543285125383
"Cell71",-0.0123797896190594
"Cell72",-0.123860397599287
"Cell73",-0.109639702360781
"Cell74",0.114623775650572
"Cell75",-0.0996796461705488
"Cell76",-0.0501838196246095
"Cell77",-0.0957436534488474
"Cell78",-0.0870473236367797
"Cell79",-0.100766949438081
"Cell80",-0.0306111252540489
"Cell81",-0.100766949438081
"Cell82",-0.0957436534488474
"Cell83",-0.0424554850394688
"Cell84",-0.0870473236367797
"Cell85",-0.0694402257463812
"Cell86",-0.113776024871055
"Cell87",-0.0810162872197565
"Cell88",0.112223372273794
"Cell89",-0.0911871775089052
"Cell90",-0.0980972892181423
"Cell91",-0.113776024871055
"Cell92",0.144759474641919
"Cell93",-0.100766949438081
"Cell94",-0.116374510035804
"Cell95",-0.103790872466246
"Cell96",0.020038936888929
"Cell97",-0.0249998461047705
"Cell98",-0.0929328263996954
"Cell99",-0.0911871775089052
"Cell100",-0.0870473236367797
"Cell101",-0.107424367494405
"Cell102",-0.0815844242794486
"Cell103",-0.128611807607276
"Cell104",-0.0800057613918733
"Cell105",-0.0306353788346265
"Cell106",0.057354069062754
"Cell107",-0.123860397599287
"Cell108",-0.128611807607276
"Cell109",-0.103247317064294
"Cell110",-0.0873365480987677
"Cell111",-0.100766949438081
"Cell112",-0.0259842071852567
"Cell113",-0.0239899841635798
"Cell114",-0.0501838196246095
"Cell115",-0.0402220410502222
"Cell116",-0.118129553564717
"Cell117",-0.0800057613918733
"Cell118",-0.0847543285125383
"Cell119",-0.103790872466246
"Cell120",-0.039408292799057
"Cell121",-0.0580114880632947
"Cell122",-0.109639702360781
"Cell123",-0.0957436534488474
"Cell124",-0.0930574533003201
"Cell125",0.155008543334254
"Cell126",-0.068194465802204
"Cell127",-0.0800057613918733
"Cell128",-0.0144983143111823
"Cell129",-0.0846567152643597
"Cell130",-0.113889746337642
"Cell131",-0.0739207102959274
"Cell132",-0.118253323166515
"Cell133",-0.0957436534488474
"Cell134",0.0637407739044984
"Cell135",-0.0477696207861076
"Cell136",-0.107424367494405
"Cell137",-0.0394311098531548
"Cell138",0.174410707279815
"Cell139",-0.0424554850394688
"Cell140",-0.0549899117261017
"Cell141",-0.113776024871055
"Cell142",-0.0777972082138874
"Cell143",-0.100766949438081
"Cell144",-0.0239899841635798
"Cell145",-0.116374510035804
"Cell146",-0.0569518647267006
"Cell147",-0.032053378669418
"Cell148",-0.0966880002628954
"Cell149",0.106006191876978
"Cell150",-0.0910890359499901
"Cell151",-0.113776024871055
"Cell152",-0.0800057613918733
"Cell153",-0.032053378669418
"Cell154",-0.0929328263996954
"Cell155",-0.0602815544637664
"Cell156",-0.118129553564717
"Cell157",-0.0493930510015763
"Cell158",-0.0693090575052082
"Cell159",-0.0712783666589941
"Cell160",-0.0733261643271226
"Cell161",-0.109639702360781
"Cell162",-0.0815844242794486
"Cell163",-0.118117517781714
"Cell164",-0.128611807607276
"Cell165",-0.118253323166515
"Cell166",0.0843159169718057
"Cell167",-0.0569518647267006
"Cell168",-0.100634141923401
"Cell169",-0.0549899117261017
"Cell170",-0.0712783666589941
"Cell171",-0.0469632796401811
"Cell172",-0.118117517781714
"Cell173",-0.0402220410502222
"Cell174",-0.0810162872197565
"Cell175",0.106006191876978
"Cell176",-0.106995002390632
"Cell177",-0.0911871775089052
"Cell178",-0.0962711029562759
"Cell179",-0.0815844242794486
"Cell180",0.209653017354365
"Cell181",-0.0980972892181423
"Cell182",-0.032053378669418
"Cell183",-0.113889746337642
"Cell184",-0.100634141923401
"Cell185",-0.0580059303881268
"Cell186",-0.103247317064294
"Cell187",-0.100634141923401
"Cell188",-0.0847543285125383
"Cell189",-0.0733261643271226
"Cell190",-0.118253323166515
"Cell191",-0.0815844242794486
"Cell192",-0.0991986049493108
"Cell193",-0.0800057613918733
"Cell194",-0.0306353788346265
"Cell195",-0.0477696207861076
"Cell196",-0.103790872466246
"Cell197",-0.118129553564717
"Cell198",-0.0155357301327899
"Cell199",-0.0980972892181423
"Cell200",-0.0980972892181423
"Cell201",-0.0499067678154018
"Cell202",-0.068194465802204
"Cell203",-0.109639702360781
"Cell204",-0.0962711029562759
"Cell205",-0.128611807607276
"Cell206",-0.118129553564717
"Cell207",-0.0911871775089052
"Cell208",-0.0929328263996954
"Cell209",-0.0957436534488474
"Cell210",-0.0911871775089052
"Cell211",0
"Cell212",0.106006191876978
"Cell213",-0.100766949438081
"Cell214",-0.100766949438081
"Cell215",-0.113776024871055
"Cell216",-0.0264190043801866
"Cell217",-0.118117517781714
"Cell218",-0.116374510035804
"Cell219",-0.106995002390632
"Cell220",-0.103790872466246
"Cell221",-0.106995002390632
"Cell222",-0.0846567152643597
"Cell223",-0.0962711029562759
"Cell224",-0.0398125120144865
"Cell225",-0.123860397599287
"Cell226",-0.0911871775089052
"Cell227",-0.0729922594743335
"Cell228",-0.032053378669418
"Cell229",-0.0733261643271226
"Cell230",-0.085589677098398
"Cell231",-0.0929328263996954
"Cell232",-0.0980972892181423
"Cell233",-0.103247317064294
"Cell234",-0.0911871775089052
"Cell235",-0.0155357301327899
"Cell236",-0.0663996341613878
"Cell237",0.020038936888929
"Cell238",0.0941332593599159
"Cell239",-0.0991986049493108
"Cell240",-0.113889746337642
"Cell241",-0.0810162872197565
"Cell242",-0.0980972892181423
"Cell243",-0.0288834623818671
"Cell244",-0.0930574533003201
"Cell245",-0.0712783666589941
"Cell246",-0.107424367494405
"Cell247",-0.123860397599287
"Cell248",-0.0957436534488474
"Cell249",-0.0469632796401811
"Cell250",-0.113889746337642
"Cell251",-0.0990715160635078
"Cell252",0.023771404740022
"Cell253",-0.116374510035804
"Cell254",-0.118253323166515
"Cell255",-0.109639702360781
"Cell256",-0.103790872466246
"Cell257",-0.128611807607276
"Cell258",0.0119651808800035
"Cell259",-0.0910890359499901
"Cell260",-0.0815844242794486
"Cell261",-0.0394311098531548
"Cell262",-0.0873365480987677
"Cell263",-0.032053378669418
"Cell264",-0.113889746337642
"Cell265",-0.0288834623818671
"Cell266",0.0260599305743683
"Cell267",-0.103790872466246
"Cell268",-0.0651346294823475
"Cell269",-0.0815844242794486
"Cell270",-0.0424554850394688
"Cell271",-0.118117517781714
"Cell272",-0.0493930510015763
"Cell273",-0.118253323166515
"Cell274",0.020038936888929
"Cell275",0.0701983156437413
"Cell276",-0.118117517781714
"Cell277",-0.0602815544637664
"Cell278",-0.118253323166515
"Cell279",-0.0733261643271226
"Cell280",-0.118253323166515
"Cell281",-0.0884615061178146
"Cell282",0.0492365632579272
"Cell283",-0.0733261643271226
"Cell284",0.00172147475238449
"Cell285",0.0416879834104633
"Cell286",-0.118253323166515
"Cell287",-0.103247317064294
"Cell288",-0.0368560780364906
"Cell289",-0.085589677098398
"Cell290",-0.0929328263996954
"Cell291",-0.0402220410502222
"Cell292",-0.0733261643271226
"Cell293",-0.109639702360781
"Cell294",-0.0910890359499901
"Cell295",-0.0846567152643597
"Cell296",-0.123860397599287
"Cell297",-0.0910890359499901
"Cell298",-0.0800057613918733
"Cell299",-0.0602815544637664
"Cell300",-0.118253323166515
"Cell301",-0.113889746337642
"Cell302",-0.0712783666589941
"Cell303",-0.0911871775089052
"Cell304",-0.0694402257463812
"Cell305",-0.0815844242794486
"Cell306",0.101521834216032
"Cell307",-0.107424367494405
"Cell308",-0.032053378669418
"Cell309",-0.0957436534488474
"Cell310",-0.0486776022512758
"Cell311",0.0845194462266528
"Cell312",-0.128611807607276
"Cell313",-0.0962711029562759
"Cell314",-0.0477696207861076
"Cell315",0.020038936888929
"Cell316",0.0637407739044984
"Cell317",-0.118129553564717
"Cell318",-0.0929328263996954
"Cell319",-0.0306111252540489
"Cell320",-0.0980972892181423
"Cell321",-0.128611807607276
"Cell322",0.0416879834104633
"Cell323",-0.0996796461705488
"Cell324",-0.0846567152643597
"Cell325",-0.0712783666589941
"Cell326",-0.0991986049493108
"Cell327",-0.0398125120144865
"Cell328",0.144039352582166
"Cell329",-0.100634141923401
"Cell330",-0.0929328263996954
"Cell331",-0.128611807607276
"Cell332",0.0726922475470649
"Cell333",-0.0800057613918733
"Cell334",-0.039408292799057
"Cell335",-0.0996796461705488
"Cell336",-0.100634141923401
"Cell337",-0.032053378669418
"Cell338",-0.109639702360781
"Cell339",-0.0306353788346265
"Cell340",0.0416879834104633
"Cell341",-0.0402220410502222
"Cell342",0.130024759682236
"Cell343",-0.103247317064294
"Cell344",-0.128611807607276
"Cell345",-0.0930574533003201
"Cell346",-0.032053378669418
"Cell347",-0.118253323166515
"Cell348",-0.0930574533003201
"Cell349",-0.0911871775089052
"Cell350",-0.0957436534488474
"Cell351",-0.0649531929629864
"Cell352",-0.085589677098398
"Cell353",-0.0249998461047705
"Cell354",-0.118129553564717
"Cell355",-0.106995002390632
"Cell356",0.0845194462266528
"Cell357",-0.0733261643271226
"Cell358",-0.100634141923401
"Cell359",-0.0810162872197565
"Cell360",-0.100634141923401
"Cell361",-0.0437801772404367
"Cell362",-0.0649531929629864
"Cell363",-0.118117517781714
"Cell364",-0.118129553564717
"Cell365",-0.0712783666589941
"Cell366",-0.0815844242794486
"Cell367",-0.0996796461705488
"Cell368",-0.109639702360781
"Cell369",-0.0957436534488474
"Cell370",-0.113889746337642
"Cell371",0.147646790634852
"Cell372",-0.0800057613918733
"Cell373",-0.0800057613918733
"Cell374",0.026834893713506
"Cell375",-0.106995002390632
"Cell376",-0.109639702360781
"Cell377",-0.128611807607276
"Cell378",0.123274041734737
"Cell379",-0.0966880002628954
"Cell380",-0.0499067678154018
"Cell381",-0.0259842071852567
"Cell382",-0.0651346294823475
"Cell383",0.0845194462266528
"Cell384",-0.0580059303881268
"Cell385",-0.100634141923401
"Cell386",-0.0777972082138874
"Cell387",-0.068194465802204
"Cell388",0.0637407739044984
"Cell389",-0.103790872466246
"Cell390",-0.0398125120144865
"Cell391",-0.0602815544637664
"Cell392",-0.118253323166515
"Cell393",-0.0810162872197565
"Cell394",-0.123860397599287
"Cell395",-0.0966880002628954
"Cell396",-0.0255194975030387
"Cell397",-0.100634141923401
"Cell398",-0.128611807607276
"Cell399",-0.0990715160635078
"Cell400",-0.128611807607276
"Cell401",-0.113776024871055
"Cell402",0.020038936888929
"Cell403",-0.116374510035804
"Cell404",-0.0499067678154018
"Cell405",-0.0120824292484901
"Cell406",-0.0288834623818671
"Cell407",-0.0580114880632947
"Cell408",-0.0846567152643597
"Cell409",-0.0346715399335743
"Cell410",-0.0966880002628954
"Cell411",-0.0962711029562759
"Cell412",-0.109639702360781
"Cell413",-0.0930574533003201
"Cell414",-0.0739207102959274
"Cell415",-0.0602815544637664
"Cell416",-0.0663996341613878
"Cell417",-0.0884615061178146
"Cell418",-0.0694402257463812
"Cell419",-0.0870473236367797
"Cell420",-0.0501838196246095
"Cell421",-0.0870473236367797
"Cell422",-0.100766949438081
"Cell423",-0.118253323166515
"Cell424",-0.0649531929629864
"Cell425",-0.116374510035804
"Cell426",-0.0733261643271226
"Cell427",-0.103790872466246
"Cell428",-0.109639702360781
"Cell429",-0.118117517781714
"Cell430",-0.0884615061178146
"Cell431",-0.123860397599287
"Cell432",-0.118129553564717
"Cell433",-0.116374510035804
"Cell434",-0.116374510035804
"Cell435",-0.0694402257463812
"Cell436",-0.116374510035804
"Cell437",-0.0996796461705488
"Cell438",-0.113776024871055
"Cell439",0.0492365632579272
"Cell440",-0.100634141923401
"Cell441",-0.0306353788346265
"Cell442",-0.068194465802204
"Cell443",-0.026704520908214
"Cell444",-0.0815844242794486
"Cell445",-0.0957436534488474
"Cell446",-0.0424554850394688
"Cell447",-0.116374510035804
"Cell448",-0.118253323166515
"Cell449",-0.100766949438081
"Cell450",-0.0980972892181423
"Cell451",-0.113889746337642
"Cell452",-0.0649531929629864
"Cell453",-0.024205566815347
"Cell454",-0.0957436534488474
"Cell455",-0.106995002390632
"Cell456",0.133587452569568
"Cell457",-0.068194465802204
"Cell458",-0.123860397599287
"Cell459",-0.123860397599287
"Cell460",-0.109639702360781
"Cell461",-0.0962711029562759
"Cell462",-0.0469632796401811
"Cell463",-0.0602815544637664
"Cell464",-0.0580059303881268
"Cell465",-0.0957436534488474
"Cell466",-0.100634141923401
"Cell467",-0.109639702360781
"Cell468",-0.107424367494405
"Cell469",-0.0847543285125383
"Cell470",-0.107424367494405
"Cell471",-0.0249998461047705
"Cell472",-0.0239899841635798
"Cell473",-0.0424554850394688
"Cell474",-0.128611807607276
"Cell475",-0.0873365480987677
"Cell476",-0.123860397599287
"Cell477",-0.0477696207861076
"Cell478",-0.100766949438081
"Cell479",-0.0991986049493108
"Cell480",-0.0990715160635078
"Cell481",-0.0602815544637664
"Cell482",-0.0966880002628954
"Cell483",-0.118253323166515
"Cell484",-0.100634141923401
"Cell485",-0.100766949438081
"Cell486",-0.0911871775089052
"Cell487",-0.0847543285125383
"Cell488",-0.0259842071852567
"Cell489",-0.0980972892181423
"Cell490",-0.113776024871055
"Cell491",-0.0847543285125383
"Cell492",-0.0712783666589941
"Cell493",-0.0980972892181423
"Cell494",-0.128611807607276
"Cell495",-0.106995002390632
"Cell496",-0.0847543285125383
"Cell497",-0.0605696885898385
"Cell498",-0.0884615061178146
"Cell499",-0.0980972892181423
"Cell500",-0.0846567152643597
"Cell501",-0.0873365480987677
"Cell502",-0.0980972892181423
"Cell503",-0.123860397599287
"Cell504",-0.0693090575052082
"Cell505",0.130024759682236
"Cell506",-0.0306111252540489
"Cell507",-0.0420218840896149
"Cell508",0.020038936888929
"Cell509",-0.0815844242794486
"Cell510",-0.085589677098398
"Cell511",-0.0870473236367797
"Cell512",-0.100634141923401
"Cell513",-0.0991986049493108
"Cell514",-0.0846567152643597
"Cell515",-0.00791093271406129
"Cell516",-0.0873365480987677
"Cell517",-0.113776024871055
"Cell518",-0.113889746337642
"Cell519",-0.0991986049493108
"Cell520",-0.0962711029562759
"Cell521",-0.116374510035804
"Cell522",-0.0815844242794486
"Cell523",-0.0649531929629864
"Cell524",-0.00916008905798249
"Cell525",-0.00369959438089695
"Cell526",-0.0651346294823475
"Cell527",-0.0800057613918733
"Cell528",-0.107424367494405
"Cell529",-0.0815844242794486
"Cell530",-0.0400590457424774
"Cell531",-0.0991986049493108
"Cell532",-0.0966880002628954
"Cell533",-0.0980972892181423
"Cell534",-0.0580059303881268
"Cell535",-0.118129553564717
"Cell536",-0.068194465802204
"Cell537",-0.118253323166515
"Cell538",-0.0651346294823475
"Cell539",-0.0477696207861076
"Cell540",-0.0847543285125383
"Cell541",-0.0663996341613878
"Cell542",0.0346228606949165
"Cell543",-0.0777972082138874
"Cell544",-0.0810162872197565
"Cell545",-0.039408292799057
"Cell546",-0.0929328263996954
"Cell547",-0.118129553564717
"Cell548",-0.123860397599287
"Cell549",-0.113889746337642
"Cell550",-0.123860397599287
"Cell551",-0.100634141923401
"Cell552",-0.0602815544637664
"Cell553",-0.0800057613918733
"Cell554",-0.106995002390632
"Cell555",-0.0911871775089052
"Cell556",-0.0733261643271226
"Cell557",-0.0991986049493108
"Cell558",-0.128611807607276
"Cell559",-0.0873365480987677
"Cell560",-0.0929328263996954
"Cell561",-0.0996796461705488
"Cell562",-0.107424367494405
"Cell563",0.0492365632579272
"Cell564",-0.100634141923401
"Cell565",-0.00791093271406129
"Cell566",0.0614143021523716
"Cell567",0.125175480335359
"Cell568",-0.0815844242794486
"Cell569",0.0637407739044984
"Cell570",-0.0549899117261017
"Cell571",-0.118129553564717
"Cell572",-0.0402220410502222
"Cell573",-0.0602815544637664
"Cell574",-0.0996796461705488
"Cell575",-0.0249998461047705
"Cell576",-0.0990715160635078
"Cell577",-0.032053378669418
"Cell578",-0.0694402257463812
"Cell579",-0.0694402257463812
"Cell580",-0.128611807607276
"Cell581",-0.0800057613918733
"Cell582",-0.0966880002628954
"Cell583",-0.0651346294823475
"Cell584",-0.0651346294823475
"Cell585",-0.100634141923401
"Cell586",-0.0884615061178146
"Cell587",-0.106995002390632
"Cell588",-0.0288834623818671
"Cell589",-0.118129553564717
"Cell590",-0.0800057613918733
"Cell591",-0.0966880002628954
"Cell592",-0.0800057613918733
"Cell593",-0.00916008905798249
"Cell594",-0.118253323166515
"Cell595",-0.0651346294823475
"Cell596",-0.0911871775089052
"Cell597",-0.0980972892181423
"Cell598",-0.106995002390632
"Cell599",-0.0962711029562759
"Cell600",-0.123860397599287
"Cell601",-0.0846567152643597
"Cell602",-0.100634141923401
"Cell603",-0.0602815544637664
"Cell604",-0.100766949438081
"Cell605",-0.128611807607276
"Cell606",0
"Cell607",-0.0870473236367797
"Cell608",0.0229470080381726
"Cell609",0.000386930366030658
"Cell610",-0.0873365480987677
"Cell611",-0.0239899841635798
"Cell612",-0.100634141923401
"Cell613",-0.109639702360781
"Cell614",-0.0884615061178146
"Cell615",-0.0569518647267006
"Cell616",-0.0996796461705488
"Cell617",-0.109639702360781
"Cell618",-0.0966880002628954
"Cell619",-0.113776024871055
"Cell620",-0.0649531929629864
"Cell621",-0.0259842071852567
"Cell622",-0.0990715160635078
"Cell623",-0.113776024871055
"Cell624",-0.0469632796401811
"Cell625",-0.103790872466246
"Cell626",-0.123860397599287
"Cell627",-0.0651346294823475
"Cell628",-0.032053378669418
"Cell629",-0.0346715399335743
"Cell630",-0.0873365480987677
"Cell631",-0.109639702360781
"Cell632",-0.068194465802204
"Cell633",-0.0990715160635078
"Cell634",-0.0499067678154018
"Cell635",0.20380361120651
"Cell636",-0.0962711029562759
"Cell637",0.0119651808800035
"Cell638",-0.00916008905798249
"Cell639",-0.0800057613918733
"Cell640",-0.0580059303881268
"Cell641",-0.0424554850394688
"Cell642",-0.032053378669418
"Cell643",0.0845194462266528
"Cell644",-0.0996796461705488
"Cell645",-0.106995002390632
"Cell646",0.0252946965977191
"Cell647",-0.00431330390042217
"Cell648",-0.100766949438081
"Cell649",-0.0306111252540489
"Cell650",-0.100634141923401
"Cell651",-0.107424367494405
"Cell652",-0.0712783666589941
"Cell653",-0.0962711029562759
"Cell654",-0.0873365480987677
"Cell655",-0.106995002390632
"Cell656",0.023771404740022
"Cell657",0.0843159169718057
"Cell658",-0.068194465802204
"Cell659",-0.0649531929629864
"Cell660",-0.118253323166515
"Cell661",0.0845194462266528
"Cell662",-0.106995002390632
"Cell663",0.0252946965977191
"Cell664",-0.0651346294823475
"Cell665",-0.113889746337642
"Cell666",-0.0486776022512758
"Cell667",-0.0499067678154018
"Cell668",-0.103790872466246
"Cell669",-0.128611807607276
"Cell670",-0.100634141923401
"Cell671",-0.123860397599287
"Cell672",-0.0930574533003201
"Cell673",-0.0990715160635078
"Cell674",-0.100766949438081
"Cell675",-0.0102883581171134
"Cell676",-0.0539628125870139
"Cell677",-0.0398125120144865
"Cell678",-0.0990715160635078
"Cell679",-0.00431330390042217
"Cell680",-0.0996796461705488
"Cell681",-0.0255194975030387
"Cell682",-0.0810162872197565
"Cell683",-0.0288834623818671
"Cell684",-0.116374510035804
"Cell685",-0.100766949438081
"Cell686",-0.0435765158542545
"Cell687",-0.0398125120144865
"Cell688",-0.0155357301327899
"Cell689",-0.123860397599287
"Cell690",-0.0712783666589941
"Cell691",-0.0991986049493108
"Cell692",-0.123860397599287
"Cell693",-0.113776024871055
"Cell694",-0.00431330390042217
"Cell695",-0.128611807607276
"Cell696",-0.0602815544637664
"Cell697",-0.0990715160635078
"Cell698",-0.0155357301327899
"Cell699",-0.0306111252540489
"Cell700",-0.0957436534488474
"Cell701",-0.109639702360781
"Cell702",-0.0477696207861076
"Cell703",-0.0477696207861076
"Cell704",-0.128611807607276
"Cell705",-0.100766949438081
"Cell706",-0.116374510035804
"Cell707",-0.039408292799057
"Cell708",-0.0569518647267006
"Cell709",-0.103247317064294
"Cell710",-0.0346715399335743
"Cell711",-0.0800057613918733
"Cell712",-0.0911871775089052
"Cell713",-0.0815844242794486
"Cell714",-0.100634141923401
"Cell715",-0.085589677098398
"Cell716",-0.0424554850394688
"Cell717",-0.0694402257463812
"Cell718",-0.0499067678154018
"Cell719",-0.0962711029562759
"Cell720",-0.0929328263996954
"Cell721",-0.00916008905798249
"Cell722",-0.0402220410502222
"Cell723",-0.0694402257463812
"Cell724",-0.0873365480987677
"Cell725",-0.116374510035804
"Cell726",-0.0402220410502222
"Cell727",-0.0873365480987677
"Cell728",-0.0800057613918733
"Cell729",-0.0957436534488474
"Cell730",-0.123860397599287
"Cell731",-0.032053378669418
"Cell732",-0.0259842071852567
"Cell733",-0.0990715160635078
"Cell734",-0.0929328263996954
"Cell735",0.125175480335359
"Cell736",-0.0911871775089052
"Cell737",-0.0580114880632947
"Cell738",0.178818882881036
"Cell739",-0.113776024871055
"Cell740",-0.0249998461047705
"Cell741",0
"Cell742",-0.109639702360781
"Cell743",0.0270362337521152
"Cell744",-0.0424554850394688
"Cell745",-0.128611807607276
"Cell746",-0.128611807607276
"Cell747",-0.039408292799057
"Cell748",-0.0929328263996954
"Cell749",-0.128611807607276
"Cell750",-0.0739207102959274
"Cell751",-0.0870473236367797
"Cell752",-0.0760773402557152
"Cell753",0.0637407739044984
"Cell754",-0.0873365480987677
"Cell755",-0.113776024871055
"Cell756",-0.0996796461705488
"Cell757",-0.0663996341613878
"Cell758",-0.107424367494405
"Cell759",-0.0729922594743335
"Cell760",-0.085589677098398
"Cell761",0.123274041734737
"Cell762",-0.0499067678154018
"Cell763",-0.068194465802204
"Cell764",-0.0424554850394688
"Cell765",-0.123860397599287
"Cell766",-0.0910890359499901
"Cell767",-0.107424367494405
"Cell768",-0.0911871775089052
"Cell769",-0.107424367494405
"Cell770",-0.0911871775089052
"Cell771",-0.0705744840376407
"Cell772",-0.0651346294823475
"Cell773",-0.123860397599287
"Cell774",-0.0651346294823475
"Cell775",-0.00431330390042217
"Cell776",-0.100634141923401
"Cell777",-0.0398125120144865
"Cell778",-0.0810162872197565
"Cell779",-0.118253323166515
"Cell780",0.222673752611415
"Cell781",-0.0306353788346265
"Cell782",-0.0760773402557152
"Cell783",-0.0996796461705488
"Cell784",-0.118117517781714
"Cell785",-0.113889746337642
"Cell786",-0.0649531929629864
"Cell787",-0.0870473236367797
"Cell788",-0.109639702360781
"Cell789",-0.068194465802204
"Cell790",-0.0873365480987677
"Cell791",-0.0424554850394688
"Cell792",-0.128611807607276
"Cell793",0.023771404740022
"Cell794",-0.0249998461047705
"Cell795",-0.118129553564717
"Cell796",-0.0991986049493108
"Cell797",-0.118253323166515
"Cell798",-0.0957436534488474
"Cell799",-0.0980972892181423
"Cell800",-0.032053378669418
"Cell801",-0.024205566815347
"Cell802",-0.085589677098398
"Cell803",0.0726922475470649
"Cell804",0.0252946965977191
"Cell805",0.0637407739044984
"Cell806",-0.0847543285125383
"Cell807",-0.100634141923401
"Cell808",-0.118253323166515
"Cell809",-0.109639702360781
"Cell810",-0.100766949438081
"Cell811",0.0845194462266528
"Cell812",-0.0873365480987677
"Cell813",0
"Cell814",-0.0929328263996954
"Cell815",-0.123860397599287
"Cell816",-0.106995002390632
"Cell817",-0.0580059303881268
"Cell818",-0.0499067678154018
"Cell819",-0.0870473236367797
"Cell820",-0.0249998461047705
"Cell821",-0.0346715399335743
"Cell822",-0.0249998461047705
"Cell823",-0.0123715105646154
"Cell824",-0.118253323166515
"Cell825",-0.107424367494405
"Cell826",-0.113889746337642
"Cell827",-0.109639702360781
"Cell828",-0.085589677098398
"Cell829",-0.0815844242794486
"Cell830",-0.0815844242794486
"Cell831",-0.0847543285125383
"Cell832",-0.0873365480987677
"Cell833",-0.128611807607276
"Cell834",-0.113889746337642
"Cell835",-0.0990715160635078
"Cell836",-0.068194465802204
"Cell837",-0.118117517781714
"Cell838",-0.106995002390632
"Cell839",-0.0739207102959274
"Cell840",0.0416879834104633
"Cell841",-0.118117517781714
"Cell842",-0.0549899117261017
"Cell843",-0.109639702360781
"Cell844",-0.00262122371050633
"Cell845",-0.118253323166515
"Cell846",-0.0966880002628954
"Cell847",-0.0957436534488474
"Cell848",-0.0911871775089052
"Cell849",-0.0602815544637664
"Cell850",-0.0580059303881268
"Cell851",-0.100766949438081
"Cell852",0
"Cell853",-0.100634141923401
"Cell854",-0.0962711029562759
"Cell855",-0.0800057613918733
"Cell856",-0.0469632796401811
"Cell857",-0.0777972082138874
"Cell858",-0.0847543285125383
"Cell859",-0.0580059303881268
"Cell860",-0.0394311098531548
"Cell861",-0.0884615061178146
"Cell862",-0.128611807607276
"Cell863",-0.106995002390632
"Cell864",-0.109639702360781
"Cell865",-0.0694402257463812
"Cell866",-0.118117517781714
"Cell867",-0.0394311098531548
"Cell868",-0.0870473236367797
"Cell869",-0.0966880002628954
"Cell870",-0.0966880002628954
"Cell871",-0.0996796461705488
"Cell872",-0.107424367494405
"Cell873",-0.0259842071852567
"Cell874",-0.0259842071852567
"Cell875",-0.106995002390632
"Cell876",-0.0870473236367797
"Cell877",-0.0990715160635078
"Cell878",-0.113889746337642
"Cell879",-0.0815844242794486
"Cell880",0.023771404740022
"Cell881",-0.0602815544637664
"Cell882",-0.085589677098398
"Cell883",-0.0870473236367797
"Cell884",-0.0847543285125383
"Cell885",-0.100634141923401
"Cell886",-0.113889746337642
"Cell887",-0.0957436534488474
"Cell888",-0.039408292799057
"Cell889",-0.118253323166515
"Cell890",-0.109639702360781
"Cell891",-0.0966880002628954
"Cell892",-0.118129553564717
"Cell893",0.114623775650572
"Cell894",-0.0962711029562759
"Cell895",-0.109639702360781
"Cell896",-0.103790872466246
"Cell897",-0.0966880002628954
"Cell898",-0.109639702360781
"Cell899",-0.0580114880632947
"Cell900",-0.0739207102959274
"Cell901",-0.103790872466246
"Cell902",-0.0873365480987677
"Cell903",0.155992831445932
"Cell904",-0.107424367494405
"Cell905",-0.0237253498574115
"Cell906",-0.100634141923401
"Cell907",-0.0929328263996954
"Cell908",0.21324658447209
"Cell909",-0.118253323166515
"Cell910",-0.0288834623818671
"Cell911",-0.0580114880632947
"Cell912",-0.0733261643271226
"Cell913",-0.0980972892181423
"Cell914",-0.0957436534488474
"Cell915",-0.116374510035804
"Cell916",-0.0712783666589941
"Cell917",-0.0962711029562759
"Cell918",-0.118117517781714
"Cell919",-0.0580059303881268
"Cell920",-0.068194465802204
"Cell921",-0.0962711029562759
"Cell922",-0.128611807607276
"Cell923",-0.107424367494405
"Cell924",-0.0810162872197565
"Cell925",-0.118253323166515
"Cell926",-0.0957436534488474
"Cell927",-0.0346715399335743
"Cell928",-0.0712783666589941
"Cell929",-0.118129553564717
"Cell930",-0.0739207102959274
"Cell931",-0.106995002390632
"Cell932",-0.0259842071852567
"Cell933",-0.123860397599287
"Cell934",-0.0249998461047705
"Cell935",-0.0469632796401811
"Cell936",-0.0499067678154018
"Cell937",-0.0368560780364906
"Cell938",-0.0966880002628954
"Cell939",-0.100634141923401
"Cell940",-0.0663996341613878
"Cell941",-0.107424367494405
"Cell942",-0.106995002390632
"Cell943",-0.068194465802204
"Cell944",0.0189020831440322
"Cell945",-0.103790872466246
"Cell946",-0.0870473236367797
"Cell947",-0.0990715160635078
"Cell948",-0.0957436534488474
"Cell949",-0.109639702360781
"Cell950",-0.100634141923401
"Cell951",-0.109639702360781
"Cell952",0.0492365632579272
"Cell953",-0.0884615061178146
"Cell954",-0.0800057613918733
"Cell955",-0.0991986049493108
"Cell956",-0.024205566815347
"Cell957",-0.118129553564717
"Cell958",-0.107424367494405
"Cell959",-0.024205566815347
"Cell960",-0.0980972892181423
"Cell961",-0.0469632796401811
"Cell962",-0.0962711029562759
"Cell963",-0.123860397599287
"Cell964",-0.0996796461705488
"Cell965",0.026834893713506
"Cell966",-0.118117517781714
"Cell967",0.0270362337521152
"Cell968",-0.113776024871055
"Cell969",-0.0910890359499901
"Cell970",-0.118129553564717
"Cell971",-0.0800057613918733
"Cell972",-0.0962711029562759
"Cell973",-0.0980972892181423
"Cell974",-0.103247317064294
"Cell975",-0.116374510035804
"Cell976",-0.0306111252540489
"Cell977",-0.123860397599287
"Cell978",-0.103247317064294
"Cell979",-0.0239899841635798
"Cell980",-0.113776024871055
"Cell981",-0.0651346294823475
"Cell982",-0.0477696207861076
"Cell983",-0.0777972082138874
"Cell984",-0.118129553564717
"Cell985",0.208391314378555
"Cell986",0.0270362337521152
"Cell987",-0.0980972892181423
"Cell988",-0.118129553564717
"Cell989",-0.0580059303881268
"Cell990",-0.0499067678154018
"Cell991",-0.106995002390632
"Cell992",-0.0996796461705488
"Cell993",-0.107424367494405
"Cell994",-0.103790872466246
"Cell995",-0.0815844242794486
"Cell996",-0.0402220410502222
"Cell997",-0.118129553564717
"Cell998",-0.100766949438081
"Cell999",-0.0847543285125383
"Cell1000",-0.103790872466246
"Cell1001",-0.0870473236367797
"Cell1002",-0.0663996341613878
"Cell1003",-0.0477696207861076
"Cell1004",-0.109639702360781
"Cell1005",-0.107424367494405
"Cell1006",-0.0966880002628954
"Cell1007",-0.0966880002628954
"Cell1008",-0.0884615061178146
"Cell1009",-0.0694402257463812
"Cell1010",-0.0846567152643597
"Cell1011",-0.0980972892181423
"Cell1012",-0.118117517781714
"Cell1013",-0.100766949438081
"Cell1014",-0.0800057613918733
"Cell1015",-0.100766949438081
"Cell1016",-0.109639702360781
"Cell1017",0.0372265776077132
"Cell1018",-0.100766949438081
"Cell1019",-0.0287643986632301
"Cell1020",-0.0980972892181423
"Cell1021",-0.109639702360781
"Cell1022",0.023771404740022
"Cell1023",-0.0402220410502222
"Cell1024",-0.026704520908214
"Cell1025",0.170966641597375
"Cell1026",-0.00262122371050633
"Cell1027",-0.0155357301327899
"Cell1028",-0.100634141923401
"Cell1029",-0.0237253498574115
"Cell1030",-0.068194465802204
"Cell1031",-0.0469632796401811
"Cell1032",-0.0368560780364906
"Cell1033",-0.0966880002628954
"Cell1034",-0.0929328263996954
"Cell1035",0
"Cell1036",-0.0847543285125383
"Cell1037",-0.0930574533003201
"Cell1038",-0.0602815544637664
"Cell1039",-0.0911871775089052
"Cell1040",-0.107424367494405
"Cell1041",-0.116374510035804
"Cell1042",-0.128611807607276
"Cell1043",-0.118117517781714
"Cell1044",-0.100766949438081
"Cell1045",-0.00431330390042217
"Cell1046",-0.0815844242794486
"Cell1047",-0.128611807607276
"Cell1048",-0.128611807607276
"Cell1049",0.0252946965977191
"Cell1050",-0.116374510035804
"Cell1051",-0.118117517781714
"Cell1052",-0.0777972082138874
"Cell1053",-0.0733261643271226
"Cell1054",-0.0549899117261017
"Cell1055",-0.0499067678154018
"Cell1056",0.0260599305743683
"Cell1057",-0.085589677098398
"Cell1058",-0.0996796461705488
"Cell1059",-0.0602815544637664
"Cell1060",-0.100634141923401
"Cell1061",-0.128611807607276
"Cell1062",-0.0980972892181423
"Cell1063",-0.100766949438081
"Cell1064",-0.113889746337642
"Cell1065",-0.0980972892181423
"Cell1066",0.0492365632579272
"Cell1067",-0.0810162872197565
"Cell1068",-0.100634141923401
"Cell1069",-0.0929328263996954
"Cell1070",-0.0605696885898385
"Cell1071",-0.0870473236367797
"Cell1072",-0.0403196525821284
"Cell1073",-0.106995002390632
"Cell1074",-0.0996796461705488
"Cell1075",-0.0800057613918733
"Cell1076",-0.0991986049493108
"Cell1077",-0.116374510035804
"Cell1078",-0.085589677098398
"Cell1079",-0.013631412206901
"Cell1080",-0.0966880002628954
"Cell1081",0.209653017354365
"Cell1082",-0.0911871775089052
"Cell1083",-0.0605696885898385
"Cell1084",-0.0694402257463812
"Cell1085",-0.123860397599287
"Cell1086",-0.0810162872197565
"Cell1087",-0.103247317064294
"Cell1088",-0.0815844242794486
"Cell1089",-0.0580059303881268
"Cell1090",-0.0966880002628954
"Cell1091",-0.0602815544637664
"Cell1092",-0.085589677098398
"Cell1093",-0.118129553564717
"Cell1094",-0.128611807607276
"Cell1095",-0.0991986049493108
"Cell1096",-0.0549899117261017
"Cell1097",-0.116374510035804
"Cell1098",-0.103790872466246
"Cell1099",-0.0800057613918733
"Cell1100",-0.100766949438081
"Cell1101",-0.068194465802204
"Cell1102",-0.118253323166515
"Cell1103",-0.0990715160635078
"Cell1104",-0.0288834623818671
"Cell1105",0.0894990472624858
"Cell1106",0.0252946965977191
"Cell1107",-0.0962711029562759
"Cell1108",-0.085589677098398
"Cell1109",-0.0602815544637664
"Cell1110",-0.0847543285125383
"Cell1111",-0.0870473236367797
"Cell1112",-0.0980972892181423
"Cell1113",-0.0884615061178146
"Cell1114",-0.118129553564717
"Cell1115",-0.0929328263996954
"Cell1116",-0.0910890359499901
"Cell1117",-0.0306111252540489
"Cell1118",-0.0930574533003201
"Cell1119",-0.128611807607276
"Cell1120",-0.113889746337642
"Cell1121",-0.100766949438081
"Cell1122",-0.103790872466246
"Cell1123",-0.100766949438081
"Cell1124",-0.118129553564717
"Cell1125",-0.113776024871055
"Cell1126",-0.0580059303881268
"Cell1127",-0.103790872466246
"Cell1128",-0.0651346294823475
"Cell1129",-0.085589677098398
"Cell1130",-0.0870473236367797
"Cell1131",-0.0884615061178146
"Cell1132",-0.00791093271406129
"Cell1133",-0.128611807607276
"Cell1134",-0.100766949438081
"Cell1135",-0.0712783666589941
"Cell1136",0.0372265776077132
"Cell1137",-0.116374510035804
"Cell1138",0.170966641597375
"Cell1139",-0.0402220410502222
"Cell1140",-0.00791093271406129
"Cell1141",-0.106995002390632
"Cell1142",-0.118129553564717
"Cell1143",-0.0957436534488474
"Cell1144",-0.109639702360781
"Cell1145",-0.0760773402557152
"Cell1146",-0.113889746337642
"Cell1147",-0.0847543285125383
"Cell1148",-0.0249998461047705
"Cell1149",-0.128611807607276
"Cell1150",-0.118129553564717
"Cell1151",-0.128611807607276
"Cell1152",-0.032053378669418
"Cell1153",-0.0477696207861076
"Cell1154",-0.0649531929629864
"Cell1155",-0.103790872466246
"Cell1156",-0.0847543285125383
"Cell1157",0.000386930366030658
"Cell1158",-0.0477696207861076
"Cell1159",-0.106995002390632
"Cell1160",-0.118253323166515
"Cell1161",-0.0991986049493108
"Cell1162",-0.0980972892181423
"Cell1163",0.0877971463339305
"Cell1164",-0.0996796461705488
"Cell1165",-0.0980972892181423
"Cell1166",-0.118129553564717
"Cell1167",-0.100766949438081
"Cell1168",-0.032053378669418
"Cell1169",-0.0739207102959274
"Cell1170",-0.0930574533003201
"Cell1171",0.057354069062754
"Cell1172",0.0845194462266528
"Cell1173",-0.123860397599287
"Cell1174",-0.0602815544637664
"Cell1175",-0.0651346294823475
"Cell1176",-0.0651346294823475
"Cell1177",-0.128611807607276
"Cell1178",-0.0991986049493108
"Cell1179",-0.118129553564717
"Cell1180",0.0897464534017524
"Cell1181",-0.103790872466246
"Cell1182",-0.0288834623818671
"Cell1183",-0.100766949438081
"Cell1184",-0.128611807607276
"Cell1185",-0.0549899117261017
"Cell1186",-0.0873365480987677
"Cell1187",-0.0846567152643597
"Cell1188",-0.0810162872197565
"Cell1189",-0.0402220410502222
"Cell1190",-0.0800057613918733
"Cell1191",-0.0602815544637664
"Cell1192",-0.0580059303881268
"Cell1193",0.161417227714851
"Cell1194",0.174410707279815
"Cell1195",-0.085589677098398
"Cell1196",-0.0815844242794486
"Cell1197",-0.0605696885898385
"Cell1198",-0.113776024871055
"Cell1199",-0.113776024871055
"Cell1200",-0.113776024871055
"Cell1201",0.106006191876978
"Cell1202",-0.0980972892181423
"Cell1203",0.0252946965977191
"Cell1204",-0.0815844242794486
"Cell1205",-0.0990715160635078
"Cell1206",-0.0873365480987677
"Cell1207",-0.0980972892181423
"Cell1208",-0.0346715399335743
"Cell1209",-0.0777972082138874
"Cell1210",-0.113776024871055
"Cell1211",-0.0884615061178146
"Cell1212",0.0416879834104633
"Cell1213",-0.123860397599287
"Cell1214",-0.0602815544637664
"Cell1215",-0.0693090575052082
"Cell1216",-0.0693090575052082
"Cell1217",-0.106995002390632
"Cell1218",-0.128611807607276
"Cell1219",-0.0259842071852567
"Cell1220",-0.106995002390632
"Cell1221",-0.0249998461047705
"Cell1222",-0.032053378669418
"Cell1223",0.0119651808800035
"Cell1224",-0.0777972082138874
"Cell1225",-0.0477696207861076
"Cell1226",-0.0477696207861076
"Cell1227",-0.0777972082138874
"Cell1228",-0.0996796461705488
"Cell1229",-0.0663996341613878
"Cell1230",-0.103247317064294
"Cell1231",-0.0693090575052082
"Cell1232",0.023771404740022
"Cell1233",-0.100634141923401
"Cell1234",-0.0424554850394688
"Cell1235",-0.0239899841635798
"Cell1236",-0.113776024871055
"Cell1237",-0.024205566815347
"Cell1238",-0.128611807607276
"Cell1239",-0.0884615061178146
"Cell1240",-0.0911871775089052
"Cell1241",-0.0911871775089052
"Cell1242",-0.0847543285125383
"Cell1243",-0.0910890359499901
"Cell1244",-0.100634141923401
"Cell1245",-0.0602815544637664
"Cell1246",-0.107424367494405
"Cell1247",-0.0605696885898385
"Cell1248",-0.118117517781714
"Cell1249",-0.118117517781714
"Cell1250",-0.118117517781714
"Cell1251",-0.0873365480987677
"Cell1252",-0.0424554850394688
"Cell1253",-0.0424554850394688
"Cell1254",0.178293417770962
"Cell1255",-0.0929328263996954
"Cell1256",-0.068194465802204
"Cell1257",-0.0259842071852567
"Cell1258",-0.128611807607276
"Cell1259",-0.00916008905798249
"Cell1260",-0.118253323166515
"Cell1261",0.023771404740022
"Cell1262",-0.103247317064294
"Cell1263",-0.00262122371050633
"Cell1264",-0.113776024871055
"Cell1265",-0.0602815544637664
"Cell1266",-0.0930574533003201
"Cell1267",-0.0847543285125383
"Cell1268",-0.107424367494405
"Cell1269",-0.00431330390042217
"Cell1270",-0.0477696207861076
"Cell1271",-0.103247317064294
"Cell1272",-0.0870473236367797
"Cell1273",0.0877971463339305
"Cell1274",-0.100634141923401
"Cell1275",-0.0815844242794486
"Cell1276",-0.068194465802204
"Cell1277",-0.0651346294823475
"Cell1278",-0.0469632796401811
"Cell1279",-0.0847543285125383
"Cell1280",-0.068194465802204
"Cell1281",-0.0847543285125383
"Cell1282",-0.0123797896190594
"Cell1283",-0.0569518647267006
"Cell1284",0.00658257592056721
"Cell1285",-0.113776024871055
"Cell1286",-0.0980972892181423
"Cell1287",-0.0694402257463812
"Cell1288",0.0270362337521152
"Cell1289",0.125175480335359
"Cell1290",-0.0288834623818671
"Cell1291",-0.0996796461705488
"Cell1292",-0.0549899117261017
"Cell1293",-0.0739207102959274
"Cell1294",-0.107424367494405
"Cell1295",-0.0966880002628954
"Cell1296",-0.0733261643271226
"Cell1297",0.14607071508504
"Cell1298",-0.100766949438081
"Cell1299",-0.123860397599287
"Cell1300",-0.0777972082138874
"Cell1301",-0.00916008905798249
"Cell1302",-0.085589677098398
"Cell1303",0.106006191876978
"Cell1304",-0.0962711029562759
"Cell1305",-0.0996796461705488
"Cell1306",-0.0306353788346265
"Cell1307",-0.0962711029562759
"Cell1308",-0.116374510035804
"Cell1309",-0.0966880002628954
"Cell1310",-0.0870473236367797
"Cell1311",-0.103790872466246
"Cell1312",-0.0288834623818671
"Cell1313",-0.0424554850394688
"Cell1314",-0.0651346294823475
"Cell1315",-0.0549899117261017
"Cell1316",-0.123860397599287
"Cell1317",-0.0873365480987677
"Cell1318",-0.0815844242794486
"Cell1319",-0.0800057613918733
"Cell1320",-0.113776024871055
"Cell1321",-0.103247317064294
"Cell1322",0.0119651808800035
"Cell1323",-0.113776024871055
"Cell1324",-0.128611807607276
"Cell1325",-0.0810162872197565
"Cell1326",-0.0991986049493108
"Cell1327",-0.113776024871055
"Cell1328",-0.0873365480987677
"Cell1329",-0.123860397599287
"Cell1330",-0.0602815544637664
"Cell1331",-0.103790872466246
"Cell1332",-0.116374510035804
"Cell1333",-0.0996796461705488
"Cell1334",-0.0155357301327899
"Cell1335",-0.0815844242794486
"Cell1336",-0.0966880002628954
"Cell1337",-0.0884615061178146
"Cell1338",-0.118129553564717
"Cell1339",-0.0966880002628954
"Cell1340",-0.0346715399335743
"Cell1341",-0.118129553564717
"Cell1342",-0.0847543285125383
"Cell1343",-0.0249998461047705
"Cell1344",-0.128611807607276
"Cell1345",-0.0929328263996954
"Cell1346",-0.0847543285125383
"Cell1347",-0.100634141923401
"Cell1348",-0.0649531929629864
"Cell1349",-0.0962711029562759
"Cell1350",-0.0402220410502222
"Cell1351",-0.103247317064294
"Cell1352",-0.0966880002628954
"Cell1353",-0.118129553564717
"Cell1354",-0.0239899841635798
"Cell1355",-0.0569518647267006
"Cell1356",-0.128611807607276
"Cell1357",-0.109639702360781
"Cell1358",-0.032053378669418
"Cell1359",-0.128611807607276
"Cell1360",-0.0259842071852567
"Cell1361",-0.0288834623818671
"Cell1362",-0.113889746337642
"Cell1363",-0.0651346294823475
"Cell1364",-0.118129553564717
"Cell1365",-0.0733261643271226
"Cell1366",-0.0306353788346265
"Cell1367",-0.123860397599287
"Cell1368",-0.109639702360781
"Cell1369",-0.0712783666589941
"Cell1370",-0.0477696207861076
"Cell1371",0
"Cell1372",-0.024205566815347
"Cell1373",0.0845194462266528
"Cell1374",-0.0810162872197565
"Cell1375",-0.118129553564717
"Cell1376",-0.0996796461705488
"Cell1377",-0.128611807607276
"Cell1378",-0.0990715160635078
"Cell1379",-0.128611807607276
"Cell1380",-0.100766949438081
"Cell1381",-0.0810162872197565
"Cell1382",0.178293417770962
"Cell1383",-0.103790872466246
"Cell1384",0.0908940647859081
"Cell1385",0.101521834216032
"Cell1386",-0.0249998461047705
"Cell1387",0.0416879834104633
"Cell1388",-0.085589677098398
"Cell1389",-0.0288834623818671
"Cell1390",-0.0980972892181423
"Cell1391",-0.0962711029562759
"Cell1392",-0.0962711029562759
"Cell1393",-0.0549899117261017
"Cell1394",-0.0929328263996954
"Cell1395",-0.039408292799057
"Cell1396",-0.106995002390632
"Cell1397",-0.118253323166515
"Cell1398",-0.013631412206901
"Cell1399",-0.0815844242794486
"Cell1400",-0.032053378669418
"Cell1401",0.026834893713506
"Cell1402",-0.116374510035804
"Cell1403",-0.0760773402557152
"Cell1404",-0.0402220410502222
"Cell1405",0.0492365632579272
"Cell1406",-0.0649531929629864
"Cell1407",-0.0605696885898385
"Cell1408",-0.0306353788346265
"Cell1409",-0.0996796461705488
"Cell1410",-0.039408292799057
"Cell1411",-0.0815844242794486
"Cell1412",-0.0980972892181423
"Cell1413",-0.0996796461705488
"Cell1414",-0.0846567152643597
"Cell1415",-0.0815844242794486
"Cell1416",0.0416879834104633
"Cell1417",-0.0469632796401811
"Cell1418",-0.123860397599287
"Cell1419",0.0877971463339305
"Cell1420",-0.113776024871055
"Cell1421",-0.100766949438081
"Cell1422",-0.0810162872197565
"Cell1423",-0.0777972082138874
"Cell1424",-0.100634141923401
"Cell1425",-0.032053378669418
"Cell1426",-0.0990715160635078
"Cell1427",-0.0980972892181423
"Cell1428",-0.0733261643271226
"Cell1429",-0.0365082324245664
"Cell1430",-0.039408292799057
"Cell1431",-0.032053378669418
"Cell1432",-0.085589677098398
"Cell1433",-0.118253323166515
"Cell1434",-0.100634141923401
"Cell1435",-0.0815844242794486
"Cell1436",-0.0911871775089052
"Cell1437",-0.100766949438081
"Cell1438",-0.0424554850394688
"Cell1439",-0.0990715160635078
"Cell1440",-0.0569518647267006
"Cell1441",-0.0815844242794486
"Cell1442",-0.0249998461047705
"Cell1443",-0.107424367494405
"Cell1444",-0.0873365480987677
"Cell1445",-0.118117517781714
"Cell1446",0.0897464534017524
"Cell1447",-0.0777972082138874
"Cell1448",-0.0249998461047705
"Cell1449",-0.0259842071852567
"Cell1450",0.0877971463339305
"Cell1451",-0.0990715160635078
"Cell1452",-0.106995002390632
"Cell1453",-0.123860397599287
"Cell1454",-0.0346715399335743
"Cell1455",-0.0435765158542545
"Cell1456",-0.0694402257463812
"Cell1457",-0.068194465802204
"Cell1458",-0.107424367494405
"Cell1459",-0.0815844242794486
"Cell1460",-0.0602815544637664
"Cell1461",-0.0846567152643597
"Cell1462",-0.0873365480987677
"Cell1463",-0.0250217675329212
"Cell1464",-0.118253323166515
"Cell1465",-0.0957436534488474
"Cell1466",-0.0990715160635078
"Cell1467",0.125546017222316
"Cell1468",-0.103790872466246
"Cell1469",0.020038936888929
"Cell1470",-0.0602815544637664
"Cell1471",-0.116374510035804
"Cell1472",-0.0602815544637664
"Cell1473",-0.0870473236367797
"Cell1474",0.03417839651474
"Cell1475",-0.0884615061178146
"Cell1476",-0.109639702360781
"Cell1477",-0.123860397599287
"Cell1478",-0.0966880002628954
"Cell1479",-0.0800057613918733
"Cell1480",-0.0288834623818671
"Cell1481",-0.107424367494405
"Cell1482",-0.0800057613918733
"Cell1483",-0.0957436534488474
"Cell1484",-0.00791093271406129
"Cell1485",-0.0990715160635078
"Cell1486",0
"Cell1487",-0.0402220410502222
"Cell1488",-0.0760773402557152
"Cell1489",-0.0733261643271226
"Cell1490",-0.118253323166515
"Cell1491",-0.0259842071852567
"Cell1492",-0.0569518647267006
"Cell1493",-0.0777972082138874
"Cell1494",-0.0957436534488474
"Cell1495",-0.0712783666589941
"Cell1496",-0.103247317064294
"Cell1497",-0.128611807607276
"Cell1498",-0.109639702360781
"Cell1499",-0.107424367494405
"Cell1500",-0.118253323166515
"Cell1501",-0.0991986049493108
"Cell1502",-0.100634141923401
"Cell1503",-0.0991986049493108
"Cell1504",-0.0549899117261017
"Cell1505",-0.0580059303881268
"Cell1506",-0.0602815544637664
"Cell1507",0.020038936888929
"Cell1508",0.0252946965977191
"Cell1509",-0.0929328263996954
"Cell1510",0.101521834216032
"Cell1511",0.155008543334254
"Cell1512",-0.0733261643271226
"Cell1513",-0.0693090575052082
"Cell1514",-0.0957436534488474
"Cell1515",-0.0884615061178146
"Cell1516",0.144039352582166
"Cell1517",0.026834893713506
"Cell1518",-0.0990715160635078
"Cell1519",-0.116374510035804
"Cell1520",0.112223372273794
"Cell1521",-0.085589677098398
"Cell1522",-0.0810162872197565
"Cell1523",-0.0996796461705488
"Cell1524",-0.118129553564717
"Cell1525",-0.103790872466246
"Cell1526",-0.0929328263996954
"Cell1527",-0.0929328263996954
"Cell1528",-0.113776024871055
"Cell1529",-0.0424554850394688
"Cell1530",-0.118117517781714
"Cell1531",-0.0693090575052082
"Cell1532",-0.0873365480987677
"Cell1533",-0.0486776022512758
"Cell1534",-0.123860397599287
"Cell1535",-0.0966880002628954
"Cell1536",-0.0694402257463812
"Cell1537",-0.103790872466246
"Cell1538",-0.0398125120144865
"Cell1539",-0.032053378669418
"Cell1540",-0.0911871775089052
"Cell1541",-0.0911871775089052
"Cell1542",-0.109639702360781
"Cell1543",0.0170590764926729
"Cell1544",-0.0815844242794486
"Cell1545",-0.0120824292484901
"Cell1546",0.0229470080381726
"Cell1547",-0.0929328263996954
"Cell1548",-0.106995002390632
"Cell1549",-0.118129553564717
"Cell1550",-0.0870473236367797
"Cell1551",0.178293417770962
"Cell1552",-0.118253323166515
"Cell1553",-0.0990715160635078
"Cell1554",-0.068194465802204
"Cell1555",0.0252946965977191
"Cell1556",-0.118253323166515
"Cell1557",-0.128611807607276
"Cell1558",-0.116374510035804
"Cell1559",-0.0990715160635078
"Cell1560",-0.085589677098398
"Cell1561",-0.0930574533003201
"Cell1562",-0.128611807607276
"Cell1563",-0.00431330390042217
"Cell1564",-0.0306111252540489
"Cell1565",-0.107424367494405
"Cell1566",-0.0911871775089052
"Cell1567",-0.0911871775089052
"Cell1568",-0.0760773402557152
"Cell1569",0
"Cell1570",-0.0870473236367797
"Cell1571",-0.118117517781714
"Cell1572",-0.0204433665638473
"Cell1573",-0.0990715160635078
"Cell1574",-0.118117517781714
"Cell1575",-0.032053378669418
"Cell1576",-0.0605696885898385
"Cell1577",-0.0239899841635798
"Cell1578",-0.0870473236367797
"Cell1579",0.0701983156437413
"Cell1580",-0.106995002390632
"Cell1581",-0.068194465802204
"Cell1582",-0.113889746337642
"Cell1583",-0.0259842071852567
"Cell1584",-0.0911871775089052
"Cell1585",-0.103790872466246
"Cell1586",-0.0800057613918733
"Cell1587",-0.113776024871055
"Cell1588",0.214551869748788
"Cell1589",-0.0911871775089052
"Cell1590",-0.0499067678154018
"Cell1591",-0.100634141923401
"Cell1592",0
"Cell1593",-0.0815844242794486
"Cell1594",-0.0930574533003201
"Cell1595",-0.103247317064294
"Cell1596",-0.0760773402557152
"Cell1597",-0.0403196525821284
"Cell1598",-0.118129553564717
"Cell1599",-0.100766949438081
"Cell1600",-0.0477696207861076
"Cell1601",-0.0394311098531548
"Cell1602",-0.0394311098531548
"Cell1603",-0.109639702360781
"Cell1604",0
"Cell1605",-0.103790872466246
"Cell1606",-0.100766949438081
"Cell1607",-0.00916008905798249
"Cell1608",-0.128611807607276
"Cell1609",-0.0403196525821284
"Cell1610",-0.100634141923401
"Cell1611",-0.0424554850394688
"Cell1612",-0.0884615061178146
"Cell1613",-0.0651346294823475
"Cell1614",-0.0249998461047705
"Cell1615",-0.116374510035804
"Cell1616",-0.0929328263996954
"Cell1617",-0.0346715399335743
"Cell1618",-0.123860397599287
"Cell1619",-0.128611807607276
"Cell1620",-0.123860397599287
"Cell1621",-0.103247317064294
"Cell1622",-0.0966880002628954
"Cell1623",-0.118253323166515
"Cell1624",-0.0847543285125383
"Cell1625",-0.0733261643271226
"Cell1626",-0.118253323166515
"Cell1627",0.171973294670252
"Cell1628",-0.0884615061178146
"Cell1629",-0.00791093271406129
"Cell1630",-0.128611807607276
"Cell1631",-0.0929328263996954
"Cell1632",-0.0123797896190594
"Cell1633",-0.0602815544637664
"Cell1634",-0.128611807607276
"Cell1635",0.0845194462266528
"Cell1636",-0.0800057613918733
"Cell1637",-0.128611807607276
"Cell1638",-0.123860397599287
"Cell1639",-0.0815844242794486
"Cell1640",-0.0929328263996954
"Cell1641",-0.0815844242794486
"Cell1642",-0.0729922594743335
"Cell1643",-0.0870473236367797
"Cell1644",-0.068194465802204
"Cell1645",-0.116374510035804
"Cell1646",-0.0957436534488474
"Cell1647",-0.100766949438081
"Cell1648",-0.0846567152643597
"Cell1649",0.23210839608848
"Cell1650",-0.0346715399335743
"Cell1651",0.106006191876978
"Cell1652",-0.0990715160635078
"Cell1653",-0.106995002390632
"Cell1654",0.03417839651474
"Cell1655",-0.113776024871055
"Cell1656",-0.0651346294823475
"Cell1657",-0.116374510035804
"Cell1658",-0.0800057613918733
"Cell1659",-0.00262122371050633
"Cell1660",0.0119651808800035
"Cell1661",-0.00916008905798249
"Cell1662",-0.0884615061178146
"Cell1663",-0.0204433665638473
"Cell1664",-0.116374510035804
"Cell1665",-0.0911871775089052
"Cell1666",-0.103247317064294
"Cell1667",-0.0477696207861076
"Cell1668",-0.0346715399335743
"Cell1669",-0.109639702360781
"Cell1670",-0.113889746337642
"Cell1671",-0.0846567152643597
"Cell1672",-0.0962711029562759
"Cell1673",-0.0884615061178146
"Cell1674",-0.116374510035804
"Cell1675",0.0442125354729727
"Cell1676",-0.0306353788346265
"Cell1677",-0.00916008905798249
"Cell1678",-0.0435765158542545
"Cell1679",-0.0911871775089052
"Cell1680",-0.0910890359499901
"Cell1681",-0.116374510035804
"Cell1682",-0.0873365480987677
"Cell1683",-0.0800057613918733
"Cell1684",-0.116374510035804
"Cell1685",0.0372265776077132
"Cell1686",-0.0499067678154018
"Cell1687",-0.032053378669418
"Cell1688",-0.0729922594743335
"Cell1689",-0.032053378669418
"Cell1690",-0.0966880002628954
"Cell1691",-0.0694402257463812
"Cell1692",0.188213650132195
"Cell1693",-0.0733261643271226
"Cell1694",-0.0712783666589941
"Cell1695",0.023771404740022
"Cell1696",-0.113776024871055
"Cell1697",-0.0739207102959274
"Cell1698",-0.0962711029562759
"Cell1699",-0.0651346294823475
"Cell1700",-0.128611807607276
"Cell1701",-0.024205566815347
"Cell1702",-0.0911871775089052
"Cell1703",0
"Cell1704",-0.100766949438081
"Cell1705",-0.0249998461047705
"Cell1706",-0.0394311098531548
"Cell1707",-0.0847543285125383
"Cell1708",0.0170590764926729
"Cell1709",-0.123860397599287
"Cell1710",-0.0403196525821284
"Cell1711",-0.024205566815347
"Cell1712",-0.118117517781714
"Cell1713",-0.0605696885898385
"Cell1714",-0.0733261643271226
"Cell1715",-0.0847543285125383
"Cell1716",-0.0846567152643597
"Cell1717",-0.0469632796401811
"Cell1718",-0.0477696207861076
"Cell1719",-0.085589677098398
"Cell1720",-0.118117517781714
"Cell1721",-0.0990715160635078
"Cell1722",-0.0810162872197565
"Cell1723",-0.0847543285125383
"Cell1724",-0.00916008905798249
"Cell1725",-0.100766949438081
"Cell1726",-0.068194465802204
"Cell1727",-0.0580059303881268
"Cell1728",-0.113889746337642
"Cell1729",0.165674476740693
"Cell1730",-0.106995002390632
"Cell1731",-0.0605696885898385
"Cell1732",-0.0693090575052082
"Cell1733",-0.128611807607276
"Cell1734",-0.0996796461705488
"Cell1735",-0.113776024871055
"Cell1736",-0.0549899117261017
"Cell1737",-0.118129553564717
"Cell1738",-0.113889746337642
"Cell1739",-0.116374510035804
"Cell1740",-0.0910890359499901
"Cell1741",0.0845194462266528
"Cell1742",-0.0663996341613878
"Cell1743",-0.0990715160635078
"Cell1744",-0.118129553564717
"Cell1745",-0.0873365480987677
"Cell1746",-0.128611807607276
"Cell1747",-0.0605696885898385
"Cell1748",0.199243758947103
"Cell1749",-0.0259842071852567
"Cell1750",-0.0499067678154018
"Cell1751",-0.0694402257463812
"Cell1752",-0.032053378669418
"Cell1753",-0.0477696207861076
"Cell1754",-0.100634141923401
"Cell1755",-0.0800057613918733
"Cell1756",-0.0873365480987677
"Cell1757",0
"Cell1758",-0.0873365480987677
"Cell1759",0.0252946965977191
"Cell1760",-0.113776024871055
"Cell1761",-0.085589677098398
"Cell1762",-0.0402220410502222
"Cell1763",-0.0991986049493108
"Cell1764",-0.0815844242794486
"Cell1765",-0.0469632796401811
"Cell1766",-0.0394311098531548
"Cell1767",0.125175480335359
"Cell1768",-0.0651346294823475
"Cell1769",-0.123860397599287
"Cell1770",-0.0306353788346265
"Cell1771",-0.0966880002628954
"Cell1772",-0.0760773402557152
"Cell1773",-0.118129553564717
"Cell1774",-0.103247317064294
"Cell1775",-0.00431330390042217
"Cell1776",-0.0651346294823475
"Cell1777",-0.128611807607276
"Cell1778",-0.113776024871055
"Cell1779",-0.0870473236367797
"Cell1780",-0.113776024871055
"Cell1781",0.0157553107559415
"Cell1782",-0.123860397599287
"Cell1783",-0.0815844242794486
"Cell1784",-0.0966880002628954
"Cell1785",-0.0549899117261017
"Cell1786",-0.0733261643271226
"Cell1787",-0.123860397599287
"Cell1788",0.0845194462266528
"Cell1789",-0.118129553564717
"Cell1790",-0.0930574533003201
"Cell1791",-0.0569518647267006
"Cell1792",-0.113889746337642
"Cell1793",-0.00791093271406129
"Cell1794",-0.128611807607276
"Cell1795",-0.0259842071852567
"Cell1796",-0.0929328263996954
"Cell1797",-0.0569518647267006
"Cell1798",-0.109639702360781
"Cell1799",-0.0911871775089052
"Cell1800",-0.0990715160635078
"Cell1801",-0.0800057613918733
"Cell1802",0.101517392073665
"Cell1803",-0.0499067678154018
"Cell1804",0.0189020831440322
"Cell1805",0.0845194462266528
"Cell1806",-0.0815844242794486
"Cell1807",-0.0991986049493108
"Cell1808",-0.0991986049493108
"Cell1809",-0.128611807607276
"Cell1810",-0.0957436534488474
"Cell1811",-0.107424367494405
"Cell1812",-0.0957436534488474
"Cell1813",-0.0288834623818671
"Cell1814",-0.0962711029562759
"Cell1815",-0.123860397599287
"Cell1816",0.170966641597375
"Cell1817",0.0637407739044984
"Cell1818",-0.118117517781714
"Cell1819",-0.0884615061178146
"Cell1820",-0.0847543285125383
"Cell1821",0.0614143021523716
"Cell1822",-0.0810162872197565
"Cell1823",-0.0929328263996954
"Cell1824",-0.116374510035804
"Cell1825",-0.0911871775089052
"Cell1826",-0.0486776022512758
"Cell1827",-0.128611807607276
"Cell1828",-0.0499067678154018
"Cell1829",-0.039408292799057
"Cell1830",-0.109639702360781
"Cell1831",-0.0602815544637664
"Cell1832",-0.128611807607276
"Cell1833",-0.113776024871055
"Cell1834",-0.0234866081785384
"Cell1835",-0.0651346294823475
"Cell1836",-0.0346715399335743
"Cell1837",0.101521834216032
"Cell1838",-0.0929328263996954
"Cell1839",-0.0966880002628954
"Cell1840",-0.068194465802204
"Cell1841",-0.0991986049493108
"Cell1842",-0.0249998461047705
"Cell1843",-0.0846567152643597
"Cell1844",-0.100766949438081
"Cell1845",-0.0435765158542545
"Cell1846",-0.0394311098531548
"Cell1847",-0.113889746337642
"Cell1848",-0.0693090575052082
"Cell1849",-0.0424554850394688
"Cell1850",-0.0402220410502222
"Cell1851",-0.0929328263996954
"Cell1852",-0.0402220410502222
"Cell1853",-0.0846567152643597
"Cell1854",-0.118253323166515
"Cell1855",0.147646790634852
"Cell1856",-0.118117517781714
"Cell1857",-0.0870473236367797
"Cell1858",-0.0602815544637664
"Cell1859",-0.0884615061178146
"Cell1860",-0.032053378669418
"Cell1861",0.026834893713506
"Cell1862",-0.0962711029562759
"Cell1863",-0.118129553564717
"Cell1864",-0.0760773402557152
"Cell1865",-0.0760773402557152
"Cell1866",-0.0966880002628954
"Cell1867",-0.0469632796401811
"Cell1868",-0.0249998461047705
"Cell1869",-0.113889746337642
"Cell1870",-0.0288834623818671
"Cell1871",-0.0580059303881268
"Cell1872",-0.103790872466246
"Cell1873",-0.0929328263996954
"Cell1874",-0.0800057613918733
"Cell1875",-0.0991986049493108
"Cell1876",-0.118253323166515
"Cell1877",-0.100634141923401
"Cell1878",-0.0996796461705488
"Cell1879",-0.0694402257463812
"Cell1880",-0.0884615061178146
"Cell1881",-0.0800057613918733
"Cell1882",-0.0800057613918733
"Cell1883",0.026834893713506
"Cell1884",-0.118117517781714
"Cell1885",-0.0477696207861076
"Cell1886",-0.0810162872197565
"Cell1887",-0.0800057613918733
"Cell1888",-0.0204433665638473
"Cell1889",-0.0477696207861076
"Cell1890",-0.0155357301327899
"Cell1891",-0.113776024871055
"Cell1892",-0.116374510035804
"Cell1893",-0.0424554850394688
"Cell1894",-0.0884615061178146
"Cell1895",0.0252946965977191
"Cell1896",0.0270362337521152
"Cell1897",-0.0929328263996954
"Cell1898",-0.0884615061178146
"Cell1899",-0.0469632796401811
"Cell1900",-0.123860397599287
"Cell1901",0.0877971463339305
"Cell1902",-0.0469632796401811
"Cell1903",-0.0398381115425575
"Cell1904",-0.0605696885898385
"Cell1905",-0.0249998461047705
"Cell1906",-0.0777972082138874
"Cell1907",-0.0649531929629864
"Cell1908",0.178293417770962
"Cell1909",0.133587452569568
"Cell1910",-0.128611807607276
"Cell1911",-0.0884615061178146
"Cell1912",-0.0962711029562759
"Cell1913",0.0252946965977191
"Cell1914",-0.0846567152643597
"Cell1915",0
"Cell1916",-0.0996796461705488
"Cell1917",-0.118117517781714
"Cell1918",0.026834893713506
"Cell1919",-0.118117517781714
"Cell1920",-0.113776024871055
"Cell1921",-0.0911871775089052
"Cell1922",-0.100766949438081
"Cell1923",-0.0259842071852567
"Cell1924",-0.0966880002628954
"Cell1925",-0.024205566815347
"Cell1926",-0.0259842071852567
"Cell1927",-0.0105987630930829
"Cell1928",-0.0991986049493108
"Cell1929",0.020038936888929
"Cell1930",-0.0649531929629864
"Cell1931",-0.0884615061178146
"Cell1932",0.214551869748788
"Cell1933",-0.0911871775089052
"Cell1934",0.226500326178842
"Cell1935",-0.123860397599287
"Cell1936",-0.100634141923401
"Cell1937",-0.0929328263996954
"Cell1938",0.0270362337521152
"Cell1939",0.026834893713506
"Cell1940",-0.0873365480987677
"Cell1941",-0.0884615061178146
"Cell1942",-0.0847543285125383
"Cell1943",0.0119651808800035
"Cell1944",-0.0962711029562759
"Cell1945",-0.0477696207861076
"Cell1946",-0.032053378669418
"Cell1947",-0.0580059303881268
"Cell1948",-0.0249998461047705
"Cell1949",-0.103790872466246
"Cell1950",-0.0549899117261017
"Cell1951",-0.128611807607276
"Cell1952",-0.0846567152643597
"Cell1953",-0.100766949438081
"Cell1954",-0.0966880002628954
"Cell1955",-0.100766949438081
"Cell1956",-0.0991986049493108
"Cell1957",-0.0990715160635078
"Cell1958",0.0726922475470649
"Cell1959",-0.0911871775089052
"Cell1960",-0.118253323166515
"Cell1961",-0.123860397599287
"Cell1962",-0.0846567152643597
"Cell1963",-0.0777972082138874
"Cell1964",-0.0499067678154018
"Cell1965",-0.103247317064294
"Cell1966",-0.0847543285125383
"Cell1967",-0.0777972082138874
"Cell1968",-0.0815844242794486
"Cell1969",-0.118253323166515
"Cell1970",0.0637407739044984
"Cell1971",-0.0651346294823475
"Cell1972",0.223365389628798
"Cell1973",-0.0580059303881268
"Cell1974",-0.0966880002628954
"Cell1975",0.026834893713506
"Cell1976",-0.0580059303881268
"Cell1977",-0.0815844242794486
"Cell1978",-0.0499067678154018
"Cell1979",-0.0424554850394688
"Cell1980",-0.0605696885898385
"Cell1981",-0.0424554850394688
"Cell1982",-0.0477696207861076
"Cell1983",-0.100766949438081
"Cell1984",-0.109639702360781
"Cell1985",-0.0394311098531548
"Cell1986",-0.0957436534488474
"Cell1987",-0.0966880002628954
"Cell1988",-0.068194465802204
"Cell1989",0.0270362337521152
"Cell1990",0.020038936888929
"Cell1991",-0.0930574533003201
"Cell1992",-0.0980972892181423
"Cell1993",-0.0435765158542545
"Cell1994",-0.113776024871055
"Cell1995",-0.103247317064294
"Cell1996",-0.123860397599287
"Cell1997",-0.118253323166515
"Cell1998",0.101517392073665
"Cell1999",-0.118129553564717
"Cell2000",-0.118129553564717
