"","nFeature_RNA","nCount_RNA","percent.mt"
"Cell1",34,34,0
"Cell2",33,33,0
"Cell3",42,42,0
"Cell4",36,36,0
"Cell5",41,41,0
"Cell6",40,41,0
"Cell7",37,37,0
"Cell8",35,36,0
"Cell9",36,38,0
"Cell10",47,49,0
"Cell11",39,42,0
"Cell12",32,33,0
"Cell13",41,44,0
"Cell14",43,44,0
"Cell15",38,38,0
"Cell16",34,35,0
"Cell17",37,37,0
"Cell18",30,32,0
"Cell19",36,37,0
"Cell20",30,30,0
"Cell21",44,45,0
"Cell22",41,41,0
"Cell23",52,53,0
"Cell24",44,46,0
"Cell25",30,30,0
"Cell26",43,43,0
"Cell27",42,42,0
"Cell28",37,38,0
"Cell29",29,30,0
"Cell30",31,33,0
"Cell31",36,39,0
"Cell32",40,40,0
"Cell33",42,43,0
"Cell34",50,51,0
"Cell35",37,37,0
"Cell36",40,41,0
"Cell37",32,33,0
"Cell38",46,47,0
"Cell39",35,36,0
"Cell40",38,41,0
"Cell41",53,54,0
"Cell42",30,30,0
"Cell43",41,42,0
"Cell44",57,60,0
"Cell45",40,40,0
"Cell46",39,41,0
"Cell47",33,35,0
"Cell48",51,52,0
"Cell49",39,40,0
"Cell50",32,33,0
"Cell51",35,37,0
"Cell52",35,35,0
"Cell53",32,35,0
"Cell54",49,51,0
"Cell55",41,43,0
"Cell56",35,36,0
"Cell57",45,46,0
"Cell58",32,33,0
"Cell59",44,46,0
"Cell60",33,33,0
"Cell61",50,53,0
"Cell62",42,42,0
"Cell63",42,42,0
"Cell64",34,34,0
"Cell65",41,41,0
"Cell66",31,34,0
"Cell67",46,48,0
"Cell68",48,51,0
"Cell69",42,44,0
"Cell70",43,43,0
"Cell71",33,37,0
"Cell72",41,42,0
"Cell73",36,37,0
"Cell74",52,56,0
"Cell75",44,45,0
"Cell76",44,48,0
"Cell77",42,42,0
"Cell78",41,41,0
"Cell79",40,40,0
"Cell80",47,50,0
"Cell81",40,40,0
"Cell82",42,42,0
"Cell83",33,33,0
"Cell84",41,41,0
"Cell85",46,48,0
"Cell86",38,39,0
"Cell87",44,44,0
"Cell88",53,55,0
"Cell89",39,39,0
"Cell90",37,37,0
"Cell91",38,39,0
"Cell92",52,58,0
"Cell93",40,40,0
"Cell94",42,43,0
"Cell95",43,45,0
"Cell96",29,31,0
"Cell97",32,32,0
"Cell98",35,36,0
"Cell99",39,39,0
"Cell100",41,41,0
"Cell101",37,39,0
"Cell102",36,36,0
"Cell103",40,41,0
"Cell104",34,35,0
"Cell105",48,48,0
"Cell106",52,52,0
"Cell107",41,42,0
"Cell108",40,41,0
"Cell109",38,40,0
"Cell110",45,45,0
"Cell111",40,40,0
"Cell112",30,31,0
"Cell113",33,36,0
"Cell114",44,48,0
"Cell115",31,32,0
"Cell116",37,38,0
"Cell117",34,35,0
"Cell118",43,43,0
"Cell119",43,45,0
"Cell120",32,34,0
"Cell121",41,45,0
"Cell122",36,37,0
"Cell123",42,42,0
"Cell124",40,43,0
"Cell125",26,26,0
"Cell126",34,36,0
"Cell127",34,35,0
"Cell128",46,50,0
"Cell129",45,47,0
"Cell130",40,42,0
"Cell131",37,40,0
"Cell132",43,44,0
"Cell133",42,42,0
"Cell134",28,29,0
"Cell135",34,34,0
"Cell136",37,39,0
"Cell137",48,50,0
"Cell138",57,57,0
"Cell139",33,33,0
"Cell140",47,48,0
"Cell141",38,39,0
"Cell142",38,41,0
"Cell143",40,40,0
"Cell144",33,36,0
"Cell145",42,43,0
"Cell146",43,46,0
"Cell147",31,31,0
"Cell148",45,46,0
"Cell149",27,28,0
"Cell150",41,44,0
"Cell151",38,39,0
"Cell152",34,35,0
"Cell153",31,31,0
"Cell154",35,36,0
"Cell155",35,35,0
"Cell156",37,38,0
"Cell157",38,42,0
"Cell158",44,47,0
"Cell159",45,48,0
"Cell160",46,47,0
"Cell161",36,37,0
"Cell162",36,36,0
"Cell163",41,43,0
"Cell164",40,41,0
"Cell165",43,44,0
"Cell166",52,54,0
"Cell167",43,46,0
"Cell168",38,38,0
"Cell169",47,48,0
"Cell170",45,48,0
"Cell171",48,49,0
"Cell172",41,43,0
"Cell173",31,32,0
"Cell174",44,44,0
"Cell175",27,28,0
"Cell176",42,44,0
"Cell177",39,39,0
"Cell178",39,41,0
"Cell179",36,36,0
"Cell180",24,24,0
"Cell181",37,37,0
"Cell182",31,31,0
"Cell183",40,42,0
"Cell184",38,38,0
"Cell185",47,49,0
"Cell186",38,40,0
"Cell187",38,38,0
"Cell188",43,43,0
"Cell189",46,47,0
"Cell190",43,44,0
"Cell191",36,36,0
"Cell192",36,38,0
"Cell193",34,35,0
"Cell194",48,48,0
"Cell195",34,34,0
"Cell196",43,45,0
"Cell197",37,38,0
"Cell198",49,51,0
"Cell199",37,37,0
"Cell200",37,37,0
"Cell201",32,33,0
"Cell202",34,36,0
"Cell203",36,37,0
"Cell204",39,41,0
"Cell205",40,41,0
"Cell206",37,38,0
"Cell207",39,39,0
"Cell208",35,36,0
"Cell209",42,42,0
"Cell210",39,39,0
"Cell211",30,30,0
"Cell212",27,28,0
"Cell213",40,40,0
"Cell214",40,40,0
"Cell215",38,39,0
"Cell216",36,41,0
"Cell217",41,43,0
"Cell218",42,43,0
"Cell219",42,44,0
"Cell220",43,45,0
"Cell221",42,44,0
"Cell222",45,47,0
"Cell223",39,41,0
"Cell224",46,49,0
"Cell225",41,42,0
"Cell226",39,39,0
"Cell227",35,38,0
"Cell228",31,31,0
"Cell229",46,47,0
"Cell230",44,46,0
"Cell231",35,36,0
"Cell232",37,37,0
"Cell233",38,40,0
"Cell234",39,39,0
"Cell235",49,51,0
"Cell236",36,39,0
"Cell237",29,31,0
"Cell238",51,55,0
"Cell239",36,38,0
"Cell240",40,42,0
"Cell241",44,44,0
"Cell242",37,37,0
"Cell243",49,50,0
"Cell244",40,43,0
"Cell245",45,48,0
"Cell246",37,39,0
"Cell247",41,42,0
"Cell248",42,42,0
"Cell249",48,49,0
"Cell250",40,42,0
"Cell251",39,40,0
"Cell252",51,51,0
"Cell253",42,43,0
"Cell254",43,44,0
"Cell255",36,37,0
"Cell256",43,45,0
"Cell257",40,41,0
"Cell258",50,52,0
"Cell259",41,44,0
"Cell260",36,36,0
"Cell261",48,50,0
"Cell262",45,45,0
"Cell263",31,31,0
"Cell264",40,42,0
"Cell265",49,50,0
"Cell266",30,34,0
"Cell267",43,45,0
"Cell268",33,34,0
"Cell269",36,36,0
"Cell270",33,33,0
"Cell271",41,43,0
"Cell272",38,42,0
"Cell273",43,44,0
"Cell274",29,31,0
"Cell275",52,53,0
"Cell276",41,43,0
"Cell277",35,35,0
"Cell278",43,44,0
"Cell279",46,47,0
"Cell280",43,44,0
"Cell281",35,37,0
"Cell282",29,29,0
"Cell283",46,47,0
"Cell284",47,51,0
"Cell285",51,53,0
"Cell286",43,44,0
"Cell287",38,40,0
"Cell288",45,49,0
"Cell289",44,46,0
"Cell290",35,36,0
"Cell291",31,32,0
"Cell292",46,47,0
"Cell293",36,37,0
"Cell294",41,44,0
"Cell295",45,47,0
"Cell296",41,42,0
"Cell297",41,44,0
"Cell298",34,35,0
"Cell299",35,35,0
"Cell300",43,44,0
"Cell301",40,42,0
"Cell302",45,48,0
"Cell303",39,39,0
"Cell304",46,48,0
"Cell305",36,36,0
"Cell306",53,54,0
"Cell307",37,39,0
"Cell308",31,31,0
"Cell309",42,42,0
"Cell310",33,35,0
"Cell311",28,28,0
"Cell312",40,41,0
"Cell313",39,41,0
"Cell314",34,34,0
"Cell315",29,31,0
"Cell316",28,29,0
"Cell317",37,38,0
"Cell318",35,36,0
"Cell319",47,50,0
"Cell320",37,37,0
"Cell321",40,41,0
"Cell322",51,53,0
"Cell323",44,45,0
"Cell324",45,47,0
"Cell325",45,48,0
"Cell326",36,38,0
"Cell327",46,49,0
"Cell328",26,27,0
"Cell329",38,38,0
"Cell330",35,36,0
"Cell331",40,41,0
"Cell332",51,54,0
"Cell333",34,35,0
"Cell334",32,34,0
"Cell335",44,45,0
"Cell336",38,38,0
"Cell337",31,31,0
"Cell338",36,37,0
"Cell339",48,48,0
"Cell340",51,53,0
"Cell341",31,32,0
"Cell342",27,27,0
"Cell343",38,40,0
"Cell344",40,41,0
"Cell345",40,43,0
"Cell346",31,31,0
"Cell347",43,44,0
"Cell348",40,43,0
"Cell349",39,39,0
"Cell350",42,42,0
"Cell351",46,46,0
"Cell352",44,46,0
"Cell353",32,32,0
"Cell354",37,38,0
"Cell355",42,44,0
"Cell356",28,28,0
"Cell357",46,47,0
"Cell358",38,38,0
"Cell359",44,44,0
"Cell360",38,38,0
"Cell361",39,43,0
"Cell362",46,46,0
"Cell363",41,43,0
"Cell364",37,38,0
"Cell365",45,48,0
"Cell366",36,36,0
"Cell367",44,45,0
"Cell368",36,37,0
"Cell369",42,42,0
"Cell370",40,42,0
"Cell371",54,57,0
"Cell372",34,35,0
"Cell373",34,35,0
"Cell374",51,52,0
"Cell375",42,44,0
"Cell376",36,37,0
"Cell377",40,41,0
"Cell378",54,55,0
"Cell379",45,46,0
"Cell380",32,33,0
"Cell381",30,31,0
"Cell382",33,34,0
"Cell383",28,28,0
"Cell384",47,49,0
"Cell385",38,38,0
"Cell386",38,41,0
"Cell387",34,36,0
"Cell388",28,29,0
"Cell389",43,45,0
"Cell390",46,49,0
"Cell391",35,35,0
"Cell392",43,44,0
"Cell393",44,44,0
"Cell394",41,42,0
"Cell395",45,46,0
"Cell396",34,38,0
"Cell397",38,38,0
"Cell398",40,41,0
"Cell399",39,40,0
"Cell400",40,41,0
"Cell401",38,39,0
"Cell402",29,31,0
"Cell403",42,43,0
"Cell404",32,33,0
"Cell405",48,51,0
"Cell406",49,50,0
"Cell407",41,45,0
"Cell408",45,47,0
"Cell409",47,47,0
"Cell410",45,46,0
"Cell411",39,41,0
"Cell412",36,37,0
"Cell413",40,43,0
"Cell414",37,40,0
"Cell415",35,35,0
"Cell416",36,39,0
"Cell417",35,37,0
"Cell418",46,48,0
"Cell419",41,41,0
"Cell420",44,48,0
"Cell421",41,41,0
"Cell422",40,40,0
"Cell423",43,44,0
"Cell424",46,46,0
"Cell425",42,43,0
"Cell426",46,47,0
"Cell427",43,45,0
"Cell428",36,37,0
"Cell429",41,43,0
"Cell430",35,37,0
"Cell431",41,42,0
"Cell432",37,38,0
"Cell433",42,43,0
"Cell434",42,43,0
"Cell435",46,48,0
"Cell436",42,43,0
"Cell437",44,45,0
"Cell438",38,39,0
"Cell439",29,29,0
"Cell440",38,38,0
"Cell441",48,48,0
"Cell442",34,36,0
"Cell443",43,48,0
"Cell444",36,36,0
"Cell445",42,42,0
"Cell446",33,33,0
"Cell447",42,43,0
"Cell448",43,44,0
"Cell449",40,40,0
"Cell450",37,37,0
"Cell451",40,42,0
"Cell452",46,46,0
"Cell453",31,33,0
"Cell454",42,42,0
"Cell455",42,44,0
"Cell456",54,56,0
"Cell457",34,36,0
"Cell458",41,42,0
"Cell459",41,42,0
"Cell460",36,37,0
"Cell461",39,41,0
"Cell462",48,49,0
"Cell463",35,35,0
"Cell464",47,49,0
"Cell465",42,42,0
"Cell466",38,38,0
"Cell467",36,37,0
"Cell468",37,39,0
"Cell469",43,43,0
"Cell470",37,39,0
"Cell471",32,32,0
"Cell472",33,36,0
"Cell473",33,33,0
"Cell474",40,41,0
"Cell475",45,45,0
"Cell476",41,42,0
"Cell477",34,34,0
"Cell478",40,40,0
"Cell479",36,38,0
"Cell480",39,40,0
"Cell481",35,35,0
"Cell482",45,46,0
"Cell483",43,44,0
"Cell484",38,38,0
"Cell485",40,40,0
"Cell486",39,39,0
"Cell487",43,43,0
"Cell488",30,31,0
"Cell489",37,37,0
"Cell490",38,39,0
"Cell491",43,43,0
"Cell492",45,48,0
"Cell493",37,37,0
"Cell494",40,41,0
"Cell495",42,44,0
"Cell496",43,43,0
"Cell497",39,42,0
"Cell498",35,37,0
"Cell499",37,37,0
"Cell500",45,47,0
"Cell501",45,45,0
"Cell502",37,37,0
"Cell503",41,42,0
"Cell504",44,47,0
"Cell505",27,27,0
"Cell506",47,50,0
"Cell507",36,40,0
"Cell508",29,31,0
"Cell509",36,36,0
"Cell510",44,46,0
"Cell511",41,41,0
"Cell512",38,38,0
"Cell513",36,38,0
"Cell514",45,47,0
"Cell515",50,51,0
"Cell516",45,45,0
"Cell517",38,39,0
"Cell518",40,42,0
"Cell519",36,38,0
"Cell520",39,41,0
"Cell521",42,43,0
"Cell522",36,36,0
"Cell523",46,46,0
"Cell524",49,49,0
"Cell525",32,36,0
"Cell526",33,34,0
"Cell527",34,35,0
"Cell528",37,39,0
"Cell529",36,36,0
"Cell530",42,46,0
"Cell531",36,38,0
"Cell532",45,46,0
"Cell533",37,37,0
"Cell534",47,49,0
"Cell535",37,38,0
"Cell536",34,36,0
"Cell537",43,44,0
"Cell538",33,34,0
"Cell539",34,34,0
"Cell540",43,43,0
"Cell541",36,39,0
"Cell542",29,32,0
"Cell543",38,41,0
"Cell544",44,44,0
"Cell545",32,34,0
"Cell546",35,36,0
"Cell547",37,38,0
"Cell548",41,42,0
"Cell549",40,42,0
"Cell550",41,42,0
"Cell551",38,38,0
"Cell552",35,35,0
"Cell553",34,35,0
"Cell554",42,44,0
"Cell555",39,39,0
"Cell556",46,47,0
"Cell557",36,38,0
"Cell558",40,41,0
"Cell559",45,45,0
"Cell560",35,36,0
"Cell561",44,45,0
"Cell562",37,39,0
"Cell563",29,29,0
"Cell564",38,38,0
"Cell565",50,51,0
"Cell566",28,30,0
"Cell567",26,28,0
"Cell568",36,36,0
"Cell569",28,29,0
"Cell570",47,48,0
"Cell571",37,38,0
"Cell572",31,32,0
"Cell573",35,35,0
"Cell574",44,45,0
"Cell575",32,32,0
"Cell576",39,40,0
"Cell577",31,31,0
"Cell578",46,48,0
"Cell579",46,48,0
"Cell580",40,41,0
"Cell581",34,35,0
"Cell582",45,46,0
"Cell583",33,34,0
"Cell584",33,34,0
"Cell585",38,38,0
"Cell586",35,37,0
"Cell587",42,44,0
"Cell588",49,50,0
"Cell589",37,38,0
"Cell590",34,35,0
"Cell591",45,46,0
"Cell592",34,35,0
"Cell593",49,49,0
"Cell594",43,44,0
"Cell595",33,34,0
"Cell596",39,39,0
"Cell597",37,37,0
"Cell598",42,44,0
"Cell599",39,41,0
"Cell600",41,42,0
"Cell601",45,47,0
"Cell602",38,38,0
"Cell603",35,35,0
"Cell604",40,40,0
"Cell605",40,41,0
"Cell606",30,30,0
"Cell607",41,41,0
"Cell608",48,52,0
"Cell609",43,49,0
"Cell610",45,45,0
"Cell611",33,36,0
"Cell612",38,38,0
"Cell613",36,37,0
"Cell614",35,37,0
"Cell615",43,46,0
"Cell616",44,45,0
"Cell617",36,37,0
"Cell618",45,46,0
"Cell619",38,39,0
"Cell620",46,46,0
"Cell621",30,31,0
"Cell622",39,40,0
"Cell623",38,39,0
"Cell624",48,49,0
"Cell625",43,45,0
"Cell626",41,42,0
"Cell627",33,34,0
"Cell628",31,31,0
"Cell629",47,47,0
"Cell630",45,45,0
"Cell631",36,37,0
"Cell632",34,36,0
"Cell633",39,40,0
"Cell634",32,33,0
"Cell635",58,59,0
"Cell636",39,41,0
"Cell637",50,52,0
"Cell638",49,49,0
"Cell639",34,35,0
"Cell640",47,49,0
"Cell641",33,33,0
"Cell642",31,31,0
"Cell643",28,28,0
"Cell644",44,45,0
"Cell645",42,44,0
"Cell646",29,30,0
"Cell647",50,50,0
"Cell648",40,40,0
"Cell649",47,50,0
"Cell650",38,38,0
"Cell651",37,39,0
"Cell652",45,48,0
"Cell653",39,41,0
"Cell654",45,45,0
"Cell655",42,44,0
"Cell656",51,51,0
"Cell657",52,54,0
"Cell658",34,36,0
"Cell659",46,46,0
"Cell660",43,44,0
"Cell661",28,28,0
"Cell662",42,44,0
"Cell663",29,30,0
"Cell664",33,34,0
"Cell665",40,42,0
"Cell666",33,35,0
"Cell667",32,33,0
"Cell668",43,45,0
"Cell669",40,41,0
"Cell670",38,38,0
"Cell671",41,42,0
"Cell672",40,43,0
"Cell673",39,40,0
"Cell674",40,40,0
"Cell675",41,47,0
"Cell676",37,41,0
"Cell677",46,49,0
"Cell678",39,40,0
"Cell679",50,50,0
"Cell680",44,45,0
"Cell681",34,38,0
"Cell682",44,44,0
"Cell683",49,50,0
"Cell684",42,43,0
"Cell685",40,40,0
"Cell686",43,47,0
"Cell687",46,49,0
"Cell688",49,51,0
"Cell689",41,42,0
"Cell690",45,48,0
"Cell691",36,38,0
"Cell692",41,42,0
"Cell693",38,39,0
"Cell694",50,50,0
"Cell695",40,41,0
"Cell696",35,35,0
"Cell697",39,40,0
"Cell698",49,51,0
"Cell699",47,50,0
"Cell700",42,42,0
"Cell701",36,37,0
"Cell702",34,34,0
"Cell703",34,34,0
"Cell704",40,41,0
"Cell705",40,40,0
"Cell706",42,43,0
"Cell707",32,34,0
"Cell708",43,46,0
"Cell709",38,40,0
"Cell710",47,47,0
"Cell711",34,35,0
"Cell712",39,39,0
"Cell713",36,36,0
"Cell714",38,38,0
"Cell715",44,46,0
"Cell716",33,33,0
"Cell717",46,48,0
"Cell718",32,33,0
"Cell719",39,41,0
"Cell720",35,36,0
"Cell721",49,49,0
"Cell722",31,32,0
"Cell723",46,48,0
"Cell724",45,45,0
"Cell725",42,43,0
"Cell726",31,32,0
"Cell727",45,45,0
"Cell728",34,35,0
"Cell729",42,42,0
"Cell730",41,42,0
"Cell731",31,31,0
"Cell732",30,31,0
"Cell733",39,40,0
"Cell734",35,36,0
"Cell735",26,28,0
"Cell736",39,39,0
"Cell737",41,45,0
"Cell738",56,58,0
"Cell739",38,39,0
"Cell740",32,32,0
"Cell741",30,30,0
"Cell742",36,37,0
"Cell743",50,53,0
"Cell744",33,33,0
"Cell745",40,41,0
"Cell746",40,41,0
"Cell747",32,34,0
"Cell748",35,36,0
"Cell749",40,41,0
"Cell750",37,40,0
"Cell751",41,41,0
"Cell752",42,45,0
"Cell753",28,29,0
"Cell754",45,45,0
"Cell755",38,39,0
"Cell756",44,45,0
"Cell757",36,39,0
"Cell758",37,39,0
"Cell759",35,38,0
"Cell760",44,46,0
"Cell761",54,55,0
"Cell762",32,33,0
"Cell763",34,36,0
"Cell764",33,33,0
"Cell765",41,42,0
"Cell766",41,44,0
"Cell767",37,39,0
"Cell768",39,39,0
"Cell769",37,39,0
"Cell770",39,39,0
"Cell771",40,44,0
"Cell772",33,34,0
"Cell773",41,42,0
"Cell774",33,34,0
"Cell775",50,50,0
"Cell776",38,38,0
"Cell777",46,49,0
"Cell778",44,44,0
"Cell779",43,44,0
"Cell780",23,23,0
"Cell781",48,48,0
"Cell782",42,45,0
"Cell783",44,45,0
"Cell784",41,43,0
"Cell785",40,42,0
"Cell786",46,46,0
"Cell787",41,41,0
"Cell788",36,37,0
"Cell789",34,36,0
"Cell790",45,45,0
"Cell791",33,33,0
"Cell792",40,41,0
"Cell793",51,51,0
"Cell794",32,32,0
"Cell795",37,38,0
"Cell796",36,38,0
"Cell797",43,44,0
"Cell798",42,42,0
"Cell799",37,37,0
"Cell800",31,31,0
"Cell801",31,33,0
"Cell802",44,46,0
"Cell803",51,54,0
"Cell804",29,30,0
"Cell805",28,29,0
"Cell806",43,43,0
"Cell807",38,38,0
"Cell808",43,44,0
"Cell809",36,37,0
"Cell810",40,40,0
"Cell811",28,28,0
"Cell812",45,45,0
"Cell813",30,30,0
"Cell814",35,36,0
"Cell815",41,42,0
"Cell816",42,44,0
"Cell817",47,49,0
"Cell818",32,33,0
"Cell819",41,41,0
"Cell820",32,32,0
"Cell821",47,47,0
"Cell822",32,32,0
"Cell823",31,34,0
"Cell824",43,44,0
"Cell825",37,39,0
"Cell826",40,42,0
"Cell827",36,37,0
"Cell828",44,46,0
"Cell829",36,36,0
"Cell830",36,36,0
"Cell831",43,43,0
"Cell832",45,45,0
"Cell833",40,41,0
"Cell834",40,42,0
"Cell835",39,40,0
"Cell836",34,36,0
"Cell837",41,43,0
"Cell838",42,44,0
"Cell839",37,40,0
"Cell840",51,53,0
"Cell841",41,43,0
"Cell842",47,48,0
"Cell843",36,37,0
"Cell844",30,32,0
"Cell845",43,44,0
"Cell846",45,46,0
"Cell847",42,42,0
"Cell848",39,39,0
"Cell849",35,35,0
"Cell850",47,49,0
"Cell851",40,40,0
"Cell852",30,30,0
"Cell853",38,38,0
"Cell854",39,41,0
"Cell855",34,35,0
"Cell856",48,49,0
"Cell857",38,41,0
"Cell858",43,43,0
"Cell859",47,49,0
"Cell860",48,50,0
"Cell861",35,37,0
"Cell862",40,41,0
"Cell863",42,44,0
"Cell864",36,37,0
"Cell865",46,48,0
"Cell866",41,43,0
"Cell867",48,50,0
"Cell868",41,41,0
"Cell869",45,46,0
"Cell870",45,46,0
"Cell871",44,45,0
"Cell872",37,39,0
"Cell873",30,31,0
"Cell874",30,31,0
"Cell875",42,44,0
"Cell876",41,41,0
"Cell877",39,40,0
"Cell878",40,42,0
"Cell879",36,36,0
"Cell880",51,51,0
"Cell881",35,35,0
"Cell882",44,46,0
"Cell883",41,41,0
"Cell884",43,43,0
"Cell885",38,38,0
"Cell886",40,42,0
"Cell887",42,42,0
"Cell888",32,34,0
"Cell889",43,44,0
"Cell890",36,37,0
"Cell891",45,46,0
"Cell892",37,38,0
"Cell893",52,56,0
"Cell894",39,41,0
"Cell895",36,37,0
"Cell896",43,45,0
"Cell897",45,46,0
"Cell898",36,37,0
"Cell899",41,45,0
"Cell900",37,40,0
"Cell901",43,45,0
"Cell902",45,45,0
"Cell903",56,56,0
"Cell904",37,39,0
"Cell905",41,46,0
"Cell906",38,38,0
"Cell907",35,36,0
"Cell908",23,24,0
"Cell909",43,44,0
"Cell910",49,50,0
"Cell911",41,45,0
"Cell912",46,47,0
"Cell913",37,37,0
"Cell914",42,42,0
"Cell915",42,43,0
"Cell916",45,48,0
"Cell917",39,41,0
"Cell918",41,43,0
"Cell919",47,49,0
"Cell920",34,36,0
"Cell921",39,41,0
"Cell922",40,41,0
"Cell923",37,39,0
"Cell924",44,44,0
"Cell925",43,44,0
"Cell926",42,42,0
"Cell927",47,47,0
"Cell928",45,48,0
"Cell929",37,38,0
"Cell930",37,40,0
"Cell931",42,44,0
"Cell932",30,31,0
"Cell933",41,42,0
"Cell934",32,32,0
"Cell935",48,49,0
"Cell936",32,33,0
"Cell937",45,49,0
"Cell938",45,46,0
"Cell939",38,38,0
"Cell940",36,39,0
"Cell941",37,39,0
"Cell942",42,44,0
"Cell943",34,36,0
"Cell944",30,33,0
"Cell945",43,45,0
"Cell946",41,41,0
"Cell947",39,40,0
"Cell948",42,42,0
"Cell949",36,37,0
"Cell950",38,38,0
"Cell951",36,37,0
"Cell952",29,29,0
"Cell953",35,37,0
"Cell954",34,35,0
"Cell955",36,38,0
"Cell956",31,33,0
"Cell957",37,38,0
"Cell958",37,39,0
"Cell959",31,33,0
"Cell960",37,37,0
"Cell961",48,49,0
"Cell962",39,41,0
"Cell963",41,42,0
"Cell964",44,45,0
"Cell965",51,52,0
"Cell966",41,43,0
"Cell967",50,53,0
"Cell968",38,39,0
"Cell969",41,44,0
"Cell970",37,38,0
"Cell971",34,35,0
"Cell972",39,41,0
"Cell973",37,37,0
"Cell974",38,40,0
"Cell975",42,43,0
"Cell976",47,50,0
"Cell977",41,42,0
"Cell978",38,40,0
"Cell979",33,36,0
"Cell980",38,39,0
"Cell981",33,34,0
"Cell982",34,34,0
"Cell983",38,41,0
"Cell984",37,38,0
"Cell985",58,60,0
"Cell986",50,53,0
"Cell987",37,37,0
"Cell988",37,38,0
"Cell989",47,49,0
"Cell990",32,33,0
"Cell991",42,44,0
"Cell992",44,45,0
"Cell993",37,39,0
"Cell994",43,45,0
"Cell995",36,36,0
"Cell996",31,32,0
"Cell997",37,38,0
"Cell998",40,40,0
"Cell999",43,43,0
"Cell1000",43,45,0
"Cell1001",41,41,0
"Cell1002",36,39,0
"Cell1003",34,34,0
"Cell1004",36,37,0
"Cell1005",37,39,0
"Cell1006",45,46,0
"Cell1007",45,46,0
"Cell1008",35,37,0
"Cell1009",46,48,0
"Cell1010",45,47,0
"Cell1011",37,37,0
"Cell1012",41,43,0
"Cell1013",40,40,0
"Cell1014",34,35,0
"Cell1015",40,40,0
"Cell1016",36,37,0
"Cell1017",49,53,0
"Cell1018",40,40,0
"Cell1019",42,47,0
"Cell1020",37,37,0
"Cell1021",36,37,0
"Cell1022",51,51,0
"Cell1023",31,32,0
"Cell1024",43,48,0
"Cell1025",25,26,0
"Cell1026",30,32,0
"Cell1027",49,51,0
"Cell1028",38,38,0
"Cell1029",41,46,0
"Cell1030",34,36,0
"Cell1031",48,49,0
"Cell1032",45,49,0
"Cell1033",45,46,0
"Cell1034",35,36,0
"Cell1035",30,30,0
"Cell1036",43,43,0
"Cell1037",40,43,0
"Cell1038",35,35,0
"Cell1039",39,39,0
"Cell1040",37,39,0
"Cell1041",42,43,0
"Cell1042",40,41,0
"Cell1043",41,43,0
"Cell1044",40,40,0
"Cell1045",50,50,0
"Cell1046",36,36,0
"Cell1047",40,41,0
"Cell1048",40,41,0
"Cell1049",29,30,0
"Cell1050",42,43,0
"Cell1051",41,43,0
"Cell1052",38,41,0
"Cell1053",46,47,0
"Cell1054",47,48,0
"Cell1055",32,33,0
"Cell1056",30,34,0
"Cell1057",44,46,0
"Cell1058",44,45,0
"Cell1059",35,35,0
"Cell1060",38,38,0
"Cell1061",40,41,0
"Cell1062",37,37,0
"Cell1063",40,40,0
"Cell1064",40,42,0
"Cell1065",37,37,0
"Cell1066",29,29,0
"Cell1067",44,44,0
"Cell1068",38,38,0
"Cell1069",35,36,0
"Cell1070",39,42,0
"Cell1071",41,41,0
"Cell1072",34,37,0
"Cell1073",42,44,0
"Cell1074",44,45,0
"Cell1075",34,35,0
"Cell1076",36,38,0
"Cell1077",42,43,0
"Cell1078",44,46,0
"Cell1079",45,50,0
"Cell1080",45,46,0
"Cell1081",24,24,0
"Cell1082",39,39,0
"Cell1083",39,42,0
"Cell1084",46,48,0
"Cell1085",41,42,0
"Cell1086",44,44,0
"Cell1087",38,40,0
"Cell1088",36,36,0
"Cell1089",47,49,0
"Cell1090",45,46,0
"Cell1091",35,35,0
"Cell1092",44,46,0
"Cell1093",37,38,0
"Cell1094",40,41,0
"Cell1095",36,38,0
"Cell1096",47,48,0
"Cell1097",42,43,0
"Cell1098",43,45,0
"Cell1099",34,35,0
"Cell1100",40,40,0
"Cell1101",34,36,0
"Cell1102",43,44,0
"Cell1103",39,40,0
"Cell1104",49,50,0
"Cell1105",27,30,0
"Cell1106",29,30,0
"Cell1107",39,41,0
"Cell1108",44,46,0
"Cell1109",35,35,0
"Cell1110",43,43,0
"Cell1111",41,41,0
"Cell1112",37,37,0
"Cell1113",35,37,0
"Cell1114",37,38,0
"Cell1115",35,36,0
"Cell1116",41,44,0
"Cell1117",47,50,0
"Cell1118",40,43,0
"Cell1119",40,41,0
"Cell1120",40,42,0
"Cell1121",40,40,0
"Cell1122",43,45,0
"Cell1123",40,40,0
"Cell1124",37,38,0
"Cell1125",38,39,0
"Cell1126",47,49,0
"Cell1127",43,45,0
"Cell1128",33,34,0
"Cell1129",44,46,0
"Cell1130",41,41,0
"Cell1131",35,37,0
"Cell1132",50,51,0
"Cell1133",40,41,0
"Cell1134",40,40,0
"Cell1135",45,48,0
"Cell1136",49,53,0
"Cell1137",42,43,0
"Cell1138",25,26,0
"Cell1139",31,32,0
"Cell1140",50,51,0
"Cell1141",42,44,0
"Cell1142",37,38,0
"Cell1143",42,42,0
"Cell1144",36,37,0
"Cell1145",42,45,0
"Cell1146",40,42,0
"Cell1147",43,43,0
"Cell1148",32,32,0
"Cell1149",40,41,0
"Cell1150",37,38,0
"Cell1151",40,41,0
"Cell1152",31,31,0
"Cell1153",34,34,0
"Cell1154",46,46,0
"Cell1155",43,45,0
"Cell1156",43,43,0
"Cell1157",43,49,0
"Cell1158",34,34,0
"Cell1159",42,44,0
"Cell1160",43,44,0
"Cell1161",36,38,0
"Cell1162",37,37,0
"Cell1163",50,55,0
"Cell1164",44,45,0
"Cell1165",37,37,0
"Cell1166",37,38,0
"Cell1167",40,40,0
"Cell1168",31,31,0
"Cell1169",37,40,0
"Cell1170",40,43,0
"Cell1171",52,52,0
"Cell1172",28,28,0
"Cell1173",41,42,0
"Cell1174",35,35,0
"Cell1175",33,34,0
"Cell1176",33,34,0
"Cell1177",40,41,0
"Cell1178",36,38,0
"Cell1179",37,38,0
"Cell1180",27,29,0
"Cell1181",43,45,0
"Cell1182",49,50,0
"Cell1183",40,40,0
"Cell1184",40,41,0
"Cell1185",47,48,0
"Cell1186",45,45,0
"Cell1187",45,47,0
"Cell1188",44,44,0
"Cell1189",31,32,0
"Cell1190",34,35,0
"Cell1191",35,35,0
"Cell1192",47,49,0
"Cell1193",54,58,0
"Cell1194",57,57,0
"Cell1195",44,46,0
"Cell1196",36,36,0
"Cell1197",39,42,0
"Cell1198",38,39,0
"Cell1199",38,39,0
"Cell1200",38,39,0
"Cell1201",27,28,0
"Cell1202",37,37,0
"Cell1203",29,30,0
"Cell1204",36,36,0
"Cell1205",39,40,0
"Cell1206",45,45,0
"Cell1207",37,37,0
"Cell1208",47,47,0
"Cell1209",38,41,0
"Cell1210",38,39,0
"Cell1211",35,37,0
"Cell1212",51,53,0
"Cell1213",41,42,0
"Cell1214",35,35,0
"Cell1215",44,47,0
"Cell1216",44,47,0
"Cell1217",42,44,0
"Cell1218",40,41,0
"Cell1219",30,31,0
"Cell1220",42,44,0
"Cell1221",32,32,0
"Cell1222",31,31,0
"Cell1223",50,52,0
"Cell1224",38,41,0
"Cell1225",34,34,0
"Cell1226",34,34,0
"Cell1227",38,41,0
"Cell1228",44,45,0
"Cell1229",36,39,0
"Cell1230",38,40,0
"Cell1231",44,47,0
"Cell1232",51,51,0
"Cell1233",38,38,0
"Cell1234",33,33,0
"Cell1235",33,36,0
"Cell1236",38,39,0
"Cell1237",31,33,0
"Cell1238",40,41,0
"Cell1239",35,37,0
"Cell1240",39,39,0
"Cell1241",39,39,0
"Cell1242",43,43,0
"Cell1243",41,44,0
"Cell1244",38,38,0
"Cell1245",35,35,0
"Cell1246",37,39,0
"Cell1247",39,42,0
"Cell1248",41,43,0
"Cell1249",41,43,0
"Cell1250",41,43,0
"Cell1251",45,45,0
"Cell1252",33,33,0
"Cell1253",33,33,0
"Cell1254",25,25,0
"Cell1255",35,36,0
"Cell1256",34,36,0
"Cell1257",30,31,0
"Cell1258",40,41,0
"Cell1259",49,49,0
"Cell1260",43,44,0
"Cell1261",51,51,0
"Cell1262",38,40,0
"Cell1263",30,32,0
"Cell1264",38,39,0
"Cell1265",35,35,0
"Cell1266",40,43,0
"Cell1267",43,43,0
"Cell1268",37,39,0
"Cell1269",50,50,0
"Cell1270",34,34,0
"Cell1271",38,40,0
"Cell1272",41,41,0
"Cell1273",50,55,0
"Cell1274",38,38,0
"Cell1275",36,36,0
"Cell1276",34,36,0
"Cell1277",33,34,0
"Cell1278",48,49,0
"Cell1279",43,43,0
"Cell1280",34,36,0
"Cell1281",43,43,0
"Cell1282",33,37,0
"Cell1283",43,46,0
"Cell1284",32,37,0
"Cell1285",38,39,0
"Cell1286",37,37,0
"Cell1287",46,48,0
"Cell1288",50,53,0
"Cell1289",26,28,0
"Cell1290",49,50,0
"Cell1291",44,45,0
"Cell1292",47,48,0
"Cell1293",37,40,0
"Cell1294",37,39,0
"Cell1295",45,46,0
"Cell1296",46,47,0
"Cell1297",55,56,0
"Cell1298",40,40,0
"Cell1299",41,42,0
"Cell1300",38,41,0
"Cell1301",49,49,0
"Cell1302",44,46,0
"Cell1303",27,28,0
"Cell1304",39,41,0
"Cell1305",44,45,0
"Cell1306",48,48,0
"Cell1307",39,41,0
"Cell1308",42,43,0
"Cell1309",45,46,0
"Cell1310",41,41,0
"Cell1311",43,45,0
"Cell1312",49,50,0
"Cell1313",33,33,0
"Cell1314",33,34,0
"Cell1315",47,48,0
"Cell1316",41,42,0
"Cell1317",45,45,0
"Cell1318",36,36,0
"Cell1319",34,35,0
"Cell1320",38,39,0
"Cell1321",38,40,0
"Cell1322",50,52,0
"Cell1323",38,39,0
"Cell1324",40,41,0
"Cell1325",44,44,0
"Cell1326",36,38,0
"Cell1327",38,39,0
"Cell1328",45,45,0
"Cell1329",41,42,0
"Cell1330",35,35,0
"Cell1331",43,45,0
"Cell1332",42,43,0
"Cell1333",44,45,0
"Cell1334",49,51,0
"Cell1335",36,36,0
"Cell1336",45,46,0
"Cell1337",35,37,0
"Cell1338",37,38,0
"Cell1339",45,46,0
"Cell1340",47,47,0
"Cell1341",37,38,0
"Cell1342",43,43,0
"Cell1343",32,32,0
"Cell1344",40,41,0
"Cell1345",35,36,0
"Cell1346",43,43,0
"Cell1347",38,38,0
"Cell1348",46,46,0
"Cell1349",39,41,0
"Cell1350",31,32,0
"Cell1351",38,40,0
"Cell1352",45,46,0
"Cell1353",37,38,0
"Cell1354",33,36,0
"Cell1355",43,46,0
"Cell1356",40,41,0
"Cell1357",36,37,0
"Cell1358",31,31,0
"Cell1359",40,41,0
"Cell1360",30,31,0
"Cell1361",49,50,0
"Cell1362",40,42,0
"Cell1363",33,34,0
"Cell1364",37,38,0
"Cell1365",46,47,0
"Cell1366",48,48,0
"Cell1367",41,42,0
"Cell1368",36,37,0
"Cell1369",45,48,0
"Cell1370",34,34,0
"Cell1371",30,30,0
"Cell1372",31,33,0
"Cell1373",28,28,0
"Cell1374",44,44,0
"Cell1375",37,38,0
"Cell1376",44,45,0
"Cell1377",40,41,0
"Cell1378",39,40,0
"Cell1379",40,41,0
"Cell1380",40,40,0
"Cell1381",44,44,0
"Cell1382",25,25,0
"Cell1383",43,45,0
"Cell1384",53,53,0
"Cell1385",53,54,0
"Cell1386",32,32,0
"Cell1387",51,53,0
"Cell1388",44,46,0
"Cell1389",49,50,0
"Cell1390",37,37,0
"Cell1391",39,41,0
"Cell1392",39,41,0
"Cell1393",47,48,0
"Cell1394",35,36,0
"Cell1395",32,34,0
"Cell1396",42,44,0
"Cell1397",43,44,0
"Cell1398",45,50,0
"Cell1399",36,36,0
"Cell1400",31,31,0
"Cell1401",51,52,0
"Cell1402",42,43,0
"Cell1403",42,45,0
"Cell1404",31,32,0
"Cell1405",29,29,0
"Cell1406",46,46,0
"Cell1407",39,42,0
"Cell1408",48,48,0
"Cell1409",44,45,0
"Cell1410",32,34,0
"Cell1411",36,36,0
"Cell1412",37,37,0
"Cell1413",44,45,0
"Cell1414",45,47,0
"Cell1415",36,36,0
"Cell1416",51,53,0
"Cell1417",48,49,0
"Cell1418",41,42,0
"Cell1419",50,55,0
"Cell1420",38,39,0
"Cell1421",40,40,0
"Cell1422",44,44,0
"Cell1423",38,41,0
"Cell1424",38,38,0
"Cell1425",31,31,0
"Cell1426",39,40,0
"Cell1427",37,37,0
"Cell1428",46,47,0
"Cell1429",39,44,0
"Cell1430",32,34,0
"Cell1431",31,31,0
"Cell1432",44,46,0
"Cell1433",43,44,0
"Cell1434",38,38,0
"Cell1435",36,36,0
"Cell1436",39,39,0
"Cell1437",40,40,0
"Cell1438",33,33,0
"Cell1439",39,40,0
"Cell1440",43,46,0
"Cell1441",36,36,0
"Cell1442",32,32,0
"Cell1443",37,39,0
"Cell1444",45,45,0
"Cell1445",41,43,0
"Cell1446",27,29,0
"Cell1447",38,41,0
"Cell1448",32,32,0
"Cell1449",30,31,0
"Cell1450",50,55,0
"Cell1451",39,40,0
"Cell1452",42,44,0
"Cell1453",41,42,0
"Cell1454",47,47,0
"Cell1455",43,47,0
"Cell1456",46,48,0
"Cell1457",34,36,0
"Cell1458",37,39,0
"Cell1459",36,36,0
"Cell1460",35,35,0
"Cell1461",45,47,0
"Cell1462",45,45,0
"Cell1463",38,44,0
"Cell1464",43,44,0
"Cell1465",42,42,0
"Cell1466",39,40,0
"Cell1467",53,56,0
"Cell1468",43,45,0
"Cell1469",29,31,0
"Cell1470",35,35,0
"Cell1471",42,43,0
"Cell1472",35,35,0
"Cell1473",41,41,0
"Cell1474",47,52,0
"Cell1475",35,37,0
"Cell1476",36,37,0
"Cell1477",41,42,0
"Cell1478",45,46,0
"Cell1479",34,35,0
"Cell1480",49,50,0
"Cell1481",37,39,0
"Cell1482",34,35,0
"Cell1483",42,42,0
"Cell1484",50,51,0
"Cell1485",39,40,0
"Cell1486",30,30,0
"Cell1487",31,32,0
"Cell1488",42,45,0
"Cell1489",46,47,0
"Cell1490",43,44,0
"Cell1491",30,31,0
"Cell1492",43,46,0
"Cell1493",38,41,0
"Cell1494",42,42,0
"Cell1495",45,48,0
"Cell1496",38,40,0
"Cell1497",40,41,0
"Cell1498",36,37,0
"Cell1499",37,39,0
"Cell1500",43,44,0
"Cell1501",36,38,0
"Cell1502",38,38,0
"Cell1503",36,38,0
"Cell1504",47,48,0
"Cell1505",47,49,0
"Cell1506",35,35,0
"Cell1507",29,31,0
"Cell1508",29,30,0
"Cell1509",35,36,0
"Cell1510",53,54,0
"Cell1511",26,26,0
"Cell1512",46,47,0
"Cell1513",44,47,0
"Cell1514",42,42,0
"Cell1515",35,37,0
"Cell1516",26,27,0
"Cell1517",51,52,0
"Cell1518",39,40,0
"Cell1519",42,43,0
"Cell1520",53,55,0
"Cell1521",44,46,0
"Cell1522",44,44,0
"Cell1523",44,45,0
"Cell1524",37,38,0
"Cell1525",43,45,0
"Cell1526",35,36,0
"Cell1527",35,36,0
"Cell1528",38,39,0
"Cell1529",33,33,0
"Cell1530",41,43,0
"Cell1531",44,47,0
"Cell1532",45,45,0
"Cell1533",33,35,0
"Cell1534",41,42,0
"Cell1535",45,46,0
"Cell1536",46,48,0
"Cell1537",43,45,0
"Cell1538",46,49,0
"Cell1539",31,31,0
"Cell1540",39,39,0
"Cell1541",39,39,0
"Cell1542",36,37,0
"Cell1543",49,52,0
"Cell1544",36,36,0
"Cell1545",48,51,0
"Cell1546",48,52,0
"Cell1547",35,36,0
"Cell1548",42,44,0
"Cell1549",37,38,0
"Cell1550",41,41,0
"Cell1551",25,25,0
"Cell1552",43,44,0
"Cell1553",39,40,0
"Cell1554",34,36,0
"Cell1555",29,30,0
"Cell1556",43,44,0
"Cell1557",40,41,0
"Cell1558",42,43,0
"Cell1559",39,40,0
"Cell1560",44,46,0
"Cell1561",40,43,0
"Cell1562",40,41,0
"Cell1563",50,50,0
"Cell1564",47,50,0
"Cell1565",37,39,0
"Cell1566",39,39,0
"Cell1567",39,39,0
"Cell1568",42,45,0
"Cell1569",30,30,0
"Cell1570",41,41,0
"Cell1571",41,43,0
"Cell1572",32,35,0
"Cell1573",39,40,0
"Cell1574",41,43,0
"Cell1575",31,31,0
"Cell1576",39,42,0
"Cell1577",33,36,0
"Cell1578",41,41,0
"Cell1579",52,53,0
"Cell1580",42,44,0
"Cell1581",34,36,0
"Cell1582",40,42,0
"Cell1583",30,31,0
"Cell1584",39,39,0
"Cell1585",43,45,0
"Cell1586",34,35,0
"Cell1587",38,39,0
"Cell1588",59,62,0
"Cell1589",39,39,0
"Cell1590",32,33,0
"Cell1591",38,38,0
"Cell1592",30,30,0
"Cell1593",36,36,0
"Cell1594",40,43,0
"Cell1595",38,40,0
"Cell1596",42,45,0
"Cell1597",34,37,0
"Cell1598",37,38,0
"Cell1599",40,40,0
"Cell1600",34,34,0
"Cell1601",48,50,0
"Cell1602",48,50,0
"Cell1603",36,37,0
"Cell1604",30,30,0
"Cell1605",43,45,0
"Cell1606",40,40,0
"Cell1607",49,49,0
"Cell1608",40,41,0
"Cell1609",34,37,0
"Cell1610",38,38,0
"Cell1611",33,33,0
"Cell1612",35,37,0
"Cell1613",33,34,0
"Cell1614",32,32,0
"Cell1615",42,43,0
"Cell1616",35,36,0
"Cell1617",47,47,0
"Cell1618",41,42,0
"Cell1619",40,41,0
"Cell1620",41,42,0
"Cell1621",38,40,0
"Cell1622",45,46,0
"Cell1623",43,44,0
"Cell1624",43,43,0
"Cell1625",46,47,0
"Cell1626",43,44,0
"Cell1627",55,58,0
"Cell1628",35,37,0
"Cell1629",50,51,0
"Cell1630",40,41,0
"Cell1631",35,36,0
"Cell1632",33,37,0
"Cell1633",35,35,0
"Cell1634",40,41,0
"Cell1635",28,28,0
"Cell1636",34,35,0
"Cell1637",40,41,0
"Cell1638",41,42,0
"Cell1639",36,36,0
"Cell1640",35,36,0
"Cell1641",36,36,0
"Cell1642",35,38,0
"Cell1643",41,41,0
"Cell1644",34,36,0
"Cell1645",42,43,0
"Cell1646",42,42,0
"Cell1647",40,40,0
"Cell1648",45,47,0
"Cell1649",21,21,0
"Cell1650",47,47,0
"Cell1651",27,28,0
"Cell1652",39,40,0
"Cell1653",42,44,0
"Cell1654",47,52,0
"Cell1655",38,39,0
"Cell1656",33,34,0
"Cell1657",42,43,0
"Cell1658",34,35,0
"Cell1659",30,32,0
"Cell1660",50,52,0
"Cell1661",49,49,0
"Cell1662",35,37,0
"Cell1663",32,35,0
"Cell1664",42,43,0
"Cell1665",39,39,0
"Cell1666",38,40,0
"Cell1667",34,34,0
"Cell1668",47,47,0
"Cell1669",36,37,0
"Cell1670",40,42,0
"Cell1671",45,47,0
"Cell1672",39,41,0
"Cell1673",35,37,0
"Cell1674",42,43,0
"Cell1675",48,53,0
"Cell1676",48,48,0
"Cell1677",49,49,0
"Cell1678",43,47,0
"Cell1679",39,39,0
"Cell1680",41,44,0
"Cell1681",42,43,0
"Cell1682",45,45,0
"Cell1683",34,35,0
"Cell1684",42,43,0
"Cell1685",49,53,0
"Cell1686",32,33,0
"Cell1687",31,31,0
"Cell1688",35,38,0
"Cell1689",31,31,0
"Cell1690",45,46,0
"Cell1691",46,48,0
"Cell1692",57,58,0
"Cell1693",46,47,0
"Cell1694",45,48,0
"Cell1695",51,51,0
"Cell1696",38,39,0
"Cell1697",37,40,0
"Cell1698",39,41,0
"Cell1699",33,34,0
"Cell1700",40,41,0
"Cell1701",31,33,0
"Cell1702",39,39,0
"Cell1703",30,30,0
"Cell1704",40,40,0
"Cell1705",32,32,0
"Cell1706",48,50,0
"Cell1707",43,43,0
"Cell1708",49,52,0
"Cell1709",41,42,0
"Cell1710",34,37,0
"Cell1711",31,33,0
"Cell1712",41,43,0
"Cell1713",39,42,0
"Cell1714",46,47,0
"Cell1715",43,43,0
"Cell1716",45,47,0
"Cell1717",48,49,0
"Cell1718",34,34,0
"Cell1719",44,46,0
"Cell1720",41,43,0
"Cell1721",39,40,0
"Cell1722",44,44,0
"Cell1723",43,43,0
"Cell1724",49,49,0
"Cell1725",40,40,0
"Cell1726",34,36,0
"Cell1727",47,49,0
"Cell1728",40,42,0
"Cell1729",56,57,0
"Cell1730",42,44,0
"Cell1731",39,42,0
"Cell1732",44,47,0
"Cell1733",40,41,0
"Cell1734",44,45,0
"Cell1735",38,39,0
"Cell1736",47,48,0
"Cell1737",37,38,0
"Cell1738",40,42,0
"Cell1739",42,43,0
"Cell1740",41,44,0
"Cell1741",28,28,0
"Cell1742",36,39,0
"Cell1743",39,40,0
"Cell1744",37,38,0
"Cell1745",45,45,0
"Cell1746",40,41,0
"Cell1747",39,42,0
"Cell1748",57,60,0
"Cell1749",30,31,0
"Cell1750",32,33,0
"Cell1751",46,48,0
"Cell1752",31,31,0
"Cell1753",34,34,0
"Cell1754",38,38,0
"Cell1755",34,35,0
"Cell1756",45,45,0
"Cell1757",30,30,0
"Cell1758",45,45,0
"Cell1759",29,30,0
"Cell1760",38,39,0
"Cell1761",44,46,0
"Cell1762",31,32,0
"Cell1763",36,38,0
"Cell1764",36,36,0
"Cell1765",48,49,0
"Cell1766",48,50,0
"Cell1767",26,28,0
"Cell1768",33,34,0
"Cell1769",41,42,0
"Cell1770",48,48,0
"Cell1771",45,46,0
"Cell1772",42,45,0
"Cell1773",37,38,0
"Cell1774",38,40,0
"Cell1775",50,50,0
"Cell1776",33,34,0
"Cell1777",40,41,0
"Cell1778",38,39,0
"Cell1779",41,41,0
"Cell1780",38,39,0
"Cell1781",46,51,0
"Cell1782",41,42,0
"Cell1783",36,36,0
"Cell1784",45,46,0
"Cell1785",47,48,0
"Cell1786",46,47,0
"Cell1787",41,42,0
"Cell1788",28,28,0
"Cell1789",37,38,0
"Cell1790",40,43,0
"Cell1791",43,46,0
"Cell1792",40,42,0
"Cell1793",50,51,0
"Cell1794",40,41,0
"Cell1795",30,31,0
"Cell1796",35,36,0
"Cell1797",43,46,0
"Cell1798",36,37,0
"Cell1799",39,39,0
"Cell1800",39,40,0
"Cell1801",34,35,0
"Cell1802",52,55,0
"Cell1803",32,33,0
"Cell1804",30,33,0
"Cell1805",28,28,0
"Cell1806",36,36,0
"Cell1807",36,38,0
"Cell1808",36,38,0
"Cell1809",40,41,0
"Cell1810",42,42,0
"Cell1811",37,39,0
"Cell1812",42,42,0
"Cell1813",49,50,0
"Cell1814",39,41,0
"Cell1815",41,42,0
"Cell1816",25,26,0
"Cell1817",28,29,0
"Cell1818",41,43,0
"Cell1819",35,37,0
"Cell1820",43,43,0
"Cell1821",28,30,0
"Cell1822",44,44,0
"Cell1823",35,36,0
"Cell1824",42,43,0
"Cell1825",39,39,0
"Cell1826",33,35,0
"Cell1827",40,41,0
"Cell1828",32,33,0
"Cell1829",32,34,0
"Cell1830",36,37,0
"Cell1831",35,35,0
"Cell1832",40,41,0
"Cell1833",38,39,0
"Cell1834",44,49,0
"Cell1835",33,34,0
"Cell1836",47,47,0
"Cell1837",53,54,0
"Cell1838",35,36,0
"Cell1839",45,46,0
"Cell1840",34,36,0
"Cell1841",36,38,0
"Cell1842",32,32,0
"Cell1843",45,47,0
"Cell1844",40,40,0
"Cell1845",43,47,0
"Cell1846",48,50,0
"Cell1847",40,42,0
"Cell1848",44,47,0
"Cell1849",33,33,0
"Cell1850",31,32,0
"Cell1851",35,36,0
"Cell1852",31,32,0
"Cell1853",45,47,0
"Cell1854",43,44,0
"Cell1855",54,57,0
"Cell1856",41,43,0
"Cell1857",41,41,0
"Cell1858",35,35,0
"Cell1859",35,37,0
"Cell1860",31,31,0
"Cell1861",51,52,0
"Cell1862",39,41,0
"Cell1863",37,38,0
"Cell1864",42,45,0
"Cell1865",42,45,0
"Cell1866",45,46,0
"Cell1867",48,49,0
"Cell1868",32,32,0
"Cell1869",40,42,0
"Cell1870",49,50,0
"Cell1871",47,49,0
"Cell1872",43,45,0
"Cell1873",35,36,0
"Cell1874",34,35,0
"Cell1875",36,38,0
"Cell1876",43,44,0
"Cell1877",38,38,0
"Cell1878",44,45,0
"Cell1879",46,48,0
"Cell1880",35,37,0
"Cell1881",34,35,0
"Cell1882",34,35,0
"Cell1883",51,52,0
"Cell1884",41,43,0
"Cell1885",34,34,0
"Cell1886",44,44,0
"Cell1887",34,35,0
"Cell1888",32,35,0
"Cell1889",34,34,0
"Cell1890",49,51,0
"Cell1891",38,39,0
"Cell1892",42,43,0
"Cell1893",33,33,0
"Cell1894",35,37,0
"Cell1895",29,30,0
"Cell1896",50,53,0
"Cell1897",35,36,0
"Cell1898",35,37,0
"Cell1899",48,49,0
"Cell1900",41,42,0
"Cell1901",50,55,0
"Cell1902",48,49,0
"Cell1903",40,45,0
"Cell1904",39,42,0
"Cell1905",32,32,0
"Cell1906",38,41,0
"Cell1907",46,46,0
"Cell1908",25,25,0
"Cell1909",54,56,0
"Cell1910",40,41,0
"Cell1911",35,37,0
"Cell1912",39,41,0
"Cell1913",29,30,0
"Cell1914",45,47,0
"Cell1915",30,30,0
"Cell1916",44,45,0
"Cell1917",41,43,0
"Cell1918",51,52,0
"Cell1919",41,43,0
"Cell1920",38,39,0
"Cell1921",39,39,0
"Cell1922",40,40,0
"Cell1923",30,31,0
"Cell1924",45,46,0
"Cell1925",31,33,0
"Cell1926",30,31,0
"Cell1927",40,46,0
"Cell1928",36,38,0
"Cell1929",29,31,0
"Cell1930",46,46,0
"Cell1931",35,37,0
"Cell1932",59,62,0
"Cell1933",39,39,0
"Cell1934",62,65,0
"Cell1935",41,42,0
"Cell1936",38,38,0
"Cell1937",35,36,0
"Cell1938",50,53,0
"Cell1939",51,52,0
"Cell1940",45,45,0
"Cell1941",35,37,0
"Cell1942",43,43,0
"Cell1943",50,52,0
"Cell1944",39,41,0
"Cell1945",34,34,0
"Cell1946",31,31,0
"Cell1947",47,49,0
"Cell1948",32,32,0
"Cell1949",43,45,0
"Cell1950",47,48,0
"Cell1951",40,41,0
"Cell1952",45,47,0
"Cell1953",40,40,0
"Cell1954",45,46,0
"Cell1955",40,40,0
"Cell1956",36,38,0
"Cell1957",39,40,0
"Cell1958",51,54,0
"Cell1959",39,39,0
"Cell1960",43,44,0
"Cell1961",41,42,0
"Cell1962",45,47,0
"Cell1963",38,41,0
"Cell1964",32,33,0
"Cell1965",38,40,0
"Cell1966",43,43,0
"Cell1967",38,41,0
"Cell1968",36,36,0
"Cell1969",43,44,0
"Cell1970",28,29,0
"Cell1971",33,34,0
"Cell1972",61,65,0
"Cell1973",47,49,0
"Cell1974",45,46,0
"Cell1975",51,52,0
"Cell1976",47,49,0
"Cell1977",36,36,0
"Cell1978",32,33,0
"Cell1979",33,33,0
"Cell1980",39,42,0
"Cell1981",33,33,0
"Cell1982",34,34,0
"Cell1983",40,40,0
"Cell1984",36,37,0
"Cell1985",48,50,0
"Cell1986",42,42,0
"Cell1987",45,46,0
"Cell1988",34,36,0
"Cell1989",50,53,0
"Cell1990",29,31,0
"Cell1991",40,43,0
"Cell1992",37,37,0
"Cell1993",43,47,0
"Cell1994",38,39,0
"Cell1995",38,40,0
"Cell1996",41,42,0
"Cell1997",43,44,0
"Cell1998",52,55,0
"Cell1999",37,38,0
"Cell2000",37,38,0
